timestamp,returns,cumulative
2018-01-01,0.0,1.0
2018-01-02,0.0,1.0
2018-01-03,0.0,1.0
2018-01-04,0.0,1.0
2018-01-05,0.0,1.0
2018-01-06,0.0,1.0
2018-01-07,0.0,1.0
2018-01-08,0.0,1.0
2018-01-09,0.0,1.0
2018-01-10,0.0,1.0
2018-01-11,0.0,1.0
2018-01-12,0.0,1.0
2018-01-13,0.0,1.0
2018-01-14,0.0,1.0
2018-01-15,0.0,1.0
2018-01-16,0.0,1.0
2018-01-17,0.0,1.0
2018-01-18,0.0,1.0
2018-01-19,0.0,1.0
2018-01-20,0.0,1.0
2018-01-21,0.0,1.0
2018-01-22,0.0,1.0
2018-01-23,0.0,1.0
2018-01-24,0.0,1.0
2018-01-25,0.0,1.0
2018-01-26,0.0,1.0
2018-01-27,0.0,1.0
2018-01-28,0.0,1.0
2018-01-29,0.0,1.0
2018-01-30,0.0,1.0
2018-01-31,0.0,1.0
2018-02-01,0.0,1.0
2018-02-02,0.0,1.0
2018-02-03,0.0,1.0
2018-02-04,0.0,1.0
2018-02-05,0.0,1.0
2018-02-06,0.0,1.0
2018-02-07,0.0,1.0
2018-02-08,0.0,1.0
2018-02-09,0.0,1.0
2018-02-10,0.0,1.0
2018-02-11,0.0,1.0
2018-02-12,0.0,1.0
2018-02-13,0.0,1.0
2018-02-14,0.0,1.0
2018-02-15,0.0,1.0
2018-02-16,0.0,1.0
2018-02-17,0.0,1.0
2018-02-18,0.0,1.0
2018-02-19,0.0,1.0
2018-02-20,0.040141828667426493,1.0401418286674264
2018-02-21,0.0,1.0401418286674264
2018-02-22,0.0,1.0401418286674264
2018-02-23,0.0,1.0401418286674264
2018-02-24,0.0,1.0401418286674264
2018-02-25,0.0,1.0401418286674264
2018-02-26,0.0,1.0401418286674264
2018-02-27,0.0,1.0401418286674264
2018-02-28,0.0,1.0401418286674264
2018-03-01,0.0,1.0401418286674264
2018-03-02,0.0,1.0401418286674264
2018-03-03,0.0,1.0401418286674264
2018-03-04,0.0,1.0401418286674264
2018-03-05,0.0,1.0401418286674264
2018-03-06,0.0,1.0401418286674264
2018-03-07,0.0,1.0401418286674264
2018-03-08,0.0,1.0401418286674264
2018-03-09,0.0,1.0401418286674264
2018-03-10,0.0,1.0401418286674264
2018-03-11,0.0,1.0401418286674264
2018-03-12,0.0,1.0401418286674264
2018-03-13,0.0,1.0401418286674264
2018-03-14,0.0,1.0401418286674264
2018-03-15,0.0,1.0401418286674264
2018-03-16,0.0,1.0401418286674264
2018-03-17,0.0,1.0401418286674264
2018-03-18,0.0,1.0401418286674264
2018-03-19,0.0,1.0401418286674264
2018-03-20,0.0,1.0401418286674264
2018-03-21,0.0,1.0401418286674264
2018-03-22,0.0,1.0401418286674264
2018-03-23,0.0,1.0401418286674264
2018-03-24,0.0,1.0401418286674264
2018-03-25,0.0,1.0401418286674264
2018-03-26,0.0,1.0401418286674264
2018-03-27,0.0,1.0401418286674264
2018-03-28,0.0,1.0401418286674264
2018-03-29,0.0,1.0401418286674264
2018-03-30,0.0,1.0401418286674264
2018-03-31,0.0,1.0401418286674264
2018-04-01,0.0,1.0401418286674264
2018-04-02,0.0,1.0401418286674264
2018-04-03,0.0,1.0401418286674264
2018-04-04,0.0,1.0401418286674264
2018-04-05,0.0,1.0401418286674264
2018-04-06,0.0,1.0401418286674264
2018-04-07,0.0,1.0401418286674264
2018-04-08,0.0,1.0401418286674264
2018-04-09,0.0,1.0401418286674264
2018-04-10,0.0,1.0401418286674264
2018-04-11,0.0,1.0401418286674264
2018-04-12,-0.15235215842824154,0.8816739759984458
2018-04-13,0.0,0.8816739759984458
2018-04-14,0.0,0.8816739759984458
2018-04-15,0.0,0.8816739759984458
2018-04-16,-0.11019421578197663,0.7845186036379197
2018-04-17,0.0,0.7845186036379197
2018-04-18,-0.05335093411503353,0.7426638033032149
2018-04-19,-0.03705676979216427,0.7151430817112345
2018-04-20,0.0,0.7151430817112345
2018-04-21,0.0,0.7151430817112345
2018-04-22,0.0,0.7151430817112345
2018-04-23,0.0,0.7151430817112345
2018-04-24,0.0,0.7151430817112345
2018-04-25,0.0,0.7151430817112345
2018-04-26,0.0,0.7151430817112345
2018-04-27,0.0,0.7151430817112345
2018-04-28,0.0,0.7151430817112345
2018-04-29,0.0,0.7151430817112345
2018-04-30,0.0,0.7151430817112345
2018-05-01,0.0,0.7151430817112345
2018-05-02,0.0,0.7151430817112345
2018-05-03,0.0,0.7151430817112345
2018-05-04,0.0,0.7151430817112345
2018-05-05,0.0,0.7151430817112345
2018-05-06,0.0,0.7151430817112345
2018-05-07,0.0,0.7151430817112345
2018-05-08,0.0,0.7151430817112345
2018-05-09,0.0,0.7151430817112345
2018-05-10,0.0,0.7151430817112345
2018-05-11,0.0,0.7151430817112345
2018-05-12,0.0,0.7151430817112345
2018-05-13,0.0,0.7151430817112345
2018-05-14,0.0,0.7151430817112345
2018-05-15,0.0,0.7151430817112345
2018-05-16,0.0,0.7151430817112345
2018-05-17,0.0,0.7151430817112345
2018-05-18,0.0,0.7151430817112345
2018-05-19,0.0,0.7151430817112345
2018-05-20,0.0,0.7151430817112345
2018-05-21,0.0,0.7151430817112345
2018-05-22,0.0,0.7151430817112345
2018-05-23,0.0,0.7151430817112345
2018-05-24,0.0,0.7151430817112345
2018-05-25,0.0,0.7151430817112345
2018-05-26,0.0,0.7151430817112345
2018-05-27,0.0,0.7151430817112345
2018-05-28,0.0,0.7151430817112345
2018-05-29,0.0,0.7151430817112345
2018-05-30,0.0,0.7151430817112345
2018-05-31,0.0,0.7151430817112345
2018-06-01,0.0,0.7151430817112345
2018-06-02,0.0,0.7151430817112345
2018-06-03,0.0,0.7151430817112345
2018-06-04,0.0,0.7151430817112345
2018-06-05,0.0,0.7151430817112345
2018-06-06,0.0,0.7151430817112345
2018-06-07,0.0,0.7151430817112345
2018-06-08,0.0,0.7151430817112345
2018-06-09,0.0,0.7151430817112345
2018-06-10,0.0,0.7151430817112345
2018-06-11,0.0,0.7151430817112345
2018-06-12,0.0,0.7151430817112345
2018-06-13,0.0,0.7151430817112345
2018-06-14,0.0,0.7151430817112345
2018-06-15,0.0,0.7151430817112345
2018-06-16,0.0,0.7151430817112345
2018-06-17,0.0,0.7151430817112345
2018-06-18,0.0,0.7151430817112345
2018-06-19,0.0,0.7151430817112345
2018-06-20,0.0,0.7151430817112345
2018-06-21,0.0,0.7151430817112345
2018-06-22,0.0,0.7151430817112345
2018-06-23,0.0,0.7151430817112345
2018-06-24,0.0,0.7151430817112345
2018-06-25,0.0,0.7151430817112345
2018-06-26,0.0,0.7151430817112345
2018-06-27,0.0,0.7151430817112345
2018-06-28,0.0,0.7151430817112345
2018-06-29,0.0,0.7151430817112345
2018-06-30,0.0,0.7151430817112345
2018-07-01,0.0,0.7151430817112345
2018-07-02,0.0,0.7151430817112345
2018-07-03,0.0,0.7151430817112345
2018-07-04,0.0,0.7151430817112345
2018-07-05,0.0,0.7151430817112345
2018-07-06,0.0,0.7151430817112345
2018-07-07,-0.0468922785371349,0.6816083931297263
2018-07-08,0.0,0.6816083931297263
2018-07-09,0.0,0.6816083931297263
2018-07-10,0.0,0.6816083931297263
2018-07-11,0.0,0.6816083931297263
2018-07-12,0.0,0.6816083931297263
2018-07-13,0.0,0.6816083931297263
2018-07-14,0.0,0.6816083931297263
2018-07-15,0.0,0.6816083931297263
2018-07-16,0.0,0.6816083931297263
2018-07-17,-0.12438224693686234,0.5968284096612267
2018-07-18,0.0,0.5968284096612267
2018-07-19,0.0,0.5968284096612267
2018-07-20,0.0,0.5968284096612267
2018-07-21,0.0,0.5968284096612267
2018-07-22,0.0,0.5968284096612267
2018-07-23,0.0,0.5968284096612267
2018-07-24,0.0,0.5968284096612267
2018-07-25,0.0,0.5968284096612267
2018-07-26,0.0,0.5968284096612267
2018-07-27,0.0,0.5968284096612267
2018-07-28,0.0,0.5968284096612267
2018-07-29,0.0,0.5968284096612267
2018-07-30,0.0,0.5968284096612267
2018-07-31,0.0,0.5968284096612267
2018-08-01,0.0,0.5968284096612267
2018-08-02,0.0,0.5968284096612267
2018-08-03,0.0,0.5968284096612267
2018-08-04,0.0,0.5968284096612267
2018-08-05,0.0,0.5968284096612267
2018-08-06,0.0,0.5968284096612267
2018-08-07,0.0,0.5968284096612267
2018-08-08,0.0,0.5968284096612267
2018-08-09,0.0,0.5968284096612267
2018-08-10,0.0,0.5968284096612267
2018-08-11,0.0,0.5968284096612267
2018-08-12,0.0,0.5968284096612267
2018-08-13,0.0,0.5968284096612267
2018-08-14,0.0,0.5968284096612267
2018-08-15,0.0,0.5968284096612267
2018-08-16,0.0,0.5968284096612267
2018-08-17,0.0,0.5968284096612267
2018-08-18,0.0,0.5968284096612267
2018-08-19,0.0,0.5968284096612267
2018-08-20,0.0,0.5968284096612267
2018-08-21,0.0,0.5968284096612267
2018-08-22,0.0,0.5968284096612267
2018-08-23,0.0,0.5968284096612267
2018-08-24,0.0,0.5968284096612267
2018-08-25,0.0,0.5968284096612267
2018-08-26,0.0,0.5968284096612267
2018-08-27,0.0,0.5968284096612267
2018-08-28,0.0015369390085807622,0.5977456985254643
2018-08-29,0.0,0.5977456985254643
2018-08-30,0.0,0.5977456985254643
2018-08-31,0.0,0.5977456985254643
2018-09-01,0.0,0.5977456985254643
2018-09-02,0.0,0.5977456985254643
2018-09-03,0.0,0.5977456985254643
2018-09-04,0.0,0.5977456985254643
2018-09-05,0.0,0.5977456985254643
2018-09-06,0.0,0.5977456985254643
2018-09-07,0.0,0.5977456985254643
2018-09-08,0.0,0.5977456985254643
2018-09-09,0.0,0.5977456985254643
2018-09-10,0.0,0.5977456985254643
2018-09-11,0.0,0.5977456985254643
2018-09-12,0.0,0.5977456985254643
2018-09-13,0.0,0.5977456985254643
2018-09-14,0.0,0.5977456985254643
2018-09-15,0.0,0.5977456985254643
2018-09-16,0.0,0.5977456985254643
2018-09-17,0.0,0.5977456985254643
2018-09-18,0.0,0.5977456985254643
2018-09-19,0.0,0.5977456985254643
2018-09-20,-0.09783211355067642,0.5392669734728927
2018-09-21,0.0,0.5392669734728927
2018-09-22,0.0,0.5392669734728927
2018-09-23,0.0,0.5392669734728927
2018-09-24,0.0,0.5392669734728927
2018-09-25,0.0,0.5392669734728927
2018-09-26,0.0,0.5392669734728927
2018-09-27,0.0,0.5392669734728927
2018-09-28,0.0,0.5392669734728927
2018-09-29,0.0,0.5392669734728927
2018-09-30,0.0,0.5392669734728927
2018-10-01,0.0,0.5392669734728927
2018-10-02,0.0,0.5392669734728927
2018-10-03,0.0,0.5392669734728927
2018-10-04,0.0,0.5392669734728927
2018-10-05,0.009264776026631172,0.5442631612006782
2018-10-06,0.0,0.5442631612006782
2018-10-07,0.0,0.5442631612006782
2018-10-08,0.0,0.5442631612006782
2018-10-09,0.0,0.5442631612006782
2018-10-10,0.0,0.5442631612006782
2018-10-11,0.0,0.5442631612006782
2018-10-12,0.0,0.5442631612006782
2018-10-13,0.0,0.5442631612006782
2018-10-14,0.0,0.5442631612006782
2018-10-15,0.0,0.5442631612006782
2018-10-16,0.0,0.5442631612006782
2018-10-17,0.0,0.5442631612006782
2018-10-18,0.0,0.5442631612006782
2018-10-19,0.0,0.5442631612006782
2018-10-20,0.0,0.5442631612006782
2018-10-21,0.0,0.5442631612006782
2018-10-22,0.0,0.5442631612006782
2018-10-23,0.0,0.5442631612006782
2018-10-24,0.0,0.5442631612006782
2018-10-25,0.0,0.5442631612006782
2018-10-26,0.0,0.5442631612006782
2018-10-27,0.0,0.5442631612006782
2018-10-28,0.0,0.5442631612006782
2018-10-29,0.0,0.5442631612006782
2018-10-30,0.0,0.5442631612006782
2018-10-31,0.0,0.5442631612006782
2018-11-01,0.0,0.5442631612006782
2018-11-02,0.0,0.5442631612006782
2018-11-03,0.0,0.5442631612006782
2018-11-04,0.0,0.5442631612006782
2018-11-05,0.06449911967448319,0.5793676559693733
2018-11-06,-0.22137241622878667,0.4511116380826247
2018-11-07,0.0032634744425161233,0.452583829384229
2018-11-08,0.0,0.452583829384229
2018-11-09,0.0,0.452583829384229
2018-11-10,0.0,0.452583829384229
2018-11-11,0.0,0.452583829384229
2018-11-12,0.0,0.452583829384229
2018-11-13,0.0,0.452583829384229
2018-11-14,0.0,0.452583829384229
2018-11-15,0.0,0.452583829384229
2018-11-16,0.0,0.452583829384229
2018-11-17,0.0,0.452583829384229
2018-11-18,0.0,0.452583829384229
2018-11-19,0.0,0.452583829384229
2018-11-20,0.0,0.452583829384229
2018-11-21,0.0,0.452583829384229
2018-11-22,0.0,0.452583829384229
2018-11-23,0.0,0.452583829384229
2018-11-24,0.0,0.452583829384229
2018-11-25,0.0,0.452583829384229
2018-11-26,0.0,0.452583829384229
2018-11-27,0.0,0.452583829384229
2018-11-28,0.0,0.452583829384229
2018-11-29,0.0,0.452583829384229
2018-11-30,0.0,0.452583829384229
2018-12-01,0.0,0.452583829384229
2018-12-02,0.0,0.452583829384229
2018-12-03,0.0,0.452583829384229
2018-12-04,0.0,0.452583829384229
2018-12-05,0.0,0.452583829384229
2018-12-06,0.0,0.452583829384229
2018-12-07,0.0,0.452583829384229
2018-12-08,0.0,0.452583829384229
2018-12-09,0.0,0.452583829384229
2018-12-10,0.0,0.452583829384229
2018-12-11,0.0,0.452583829384229
2018-12-12,0.0,0.452583829384229
2018-12-13,0.0,0.452583829384229
2018-12-14,0.0,0.452583829384229
2018-12-15,0.0,0.452583829384229
2018-12-16,0.0,0.452583829384229
2018-12-17,0.0,0.452583829384229
2018-12-18,0.0,0.452583829384229
2018-12-19,0.0,0.452583829384229
2018-12-20,0.0,0.452583829384229
2018-12-21,0.0,0.452583829384229
2018-12-22,0.0,0.452583829384229
2018-12-23,-0.08156599106973306,0.4156683807983694
2018-12-24,-0.02525465966675003,0.4051708173070775
2018-12-25,0.0,0.4051708173070775
2018-12-26,0.0,0.4051708173070775
2018-12-27,0.0,0.4051708173070775
2018-12-28,0.0,0.4051708173070775
2018-12-29,0.0,0.4051708173070775
2018-12-30,0.0,0.4051708173070775
2018-12-31,0.0,0.4051708173070775
2019-01-01,0.0,0.4051708173070775
2019-01-02,0.0,0.4051708173070775
2019-01-03,0.0,0.4051708173070775
2019-01-04,0.0,0.4051708173070775
2019-01-05,0.0,0.4051708173070775
2019-01-06,-0.07158124695490908,0.3761681849744972
2019-01-07,0.0,0.3761681849744972
2019-01-08,0.0,0.3761681849744972
2019-01-09,0.0,0.3761681849744972
2019-01-10,0.0,0.3761681849744972
2019-01-11,0.0,0.3761681849744972
2019-01-12,0.0,0.3761681849744972
2019-01-13,0.0,0.3761681849744972
2019-01-14,0.0,0.3761681849744972
2019-01-15,0.0,0.3761681849744972
2019-01-16,0.0,0.3761681849744972
2019-01-17,0.0,0.3761681849744972
2019-01-18,0.0,0.3761681849744972
2019-01-19,0.0,0.3761681849744972
2019-01-20,0.0,0.3761681849744972
2019-01-21,0.0,0.3761681849744972
2019-01-22,0.0,0.3761681849744972
2019-01-23,0.0,0.3761681849744972
2019-01-24,0.0,0.3761681849744972
2019-01-25,0.0,0.3761681849744972
2019-01-26,0.0,0.3761681849744972
2019-01-27,0.0,0.3761681849744972
2019-01-28,0.0,0.3761681849744972
2019-01-29,0.0,0.3761681849744972
2019-01-30,0.0,0.3761681849744972
2019-01-31,0.0,0.3761681849744972
2019-02-01,0.0,0.3761681849744972
2019-02-02,0.0,0.3761681849744972
2019-02-03,0.0,0.3761681849744972
2019-02-04,0.0,0.3761681849744972
2019-02-05,0.0,0.3761681849744972
2019-02-06,0.0,0.3761681849744972
2019-02-07,0.0,0.3761681849744972
2019-02-08,0.0,0.3761681849744972
2019-02-09,0.0,0.3761681849744972
2019-02-10,-0.09117221221147173,0.3418720993867982
2019-02-11,0.0,0.3418720993867982
2019-02-12,0.0,0.3418720993867982
2019-02-13,0.0,0.3418720993867982
2019-02-14,0.0,0.3418720993867982
2019-02-15,0.0,0.3418720993867982
2019-02-16,0.0,0.3418720993867982
2019-02-17,0.0,0.3418720993867982
2019-02-18,0.03730999539382779,0.3546273458401979
2019-02-19,0.0,0.3546273458401979
2019-02-20,0.0,0.3546273458401979
2019-02-21,0.0,0.3546273458401979
2019-02-22,0.0,0.3546273458401979
2019-02-23,0.0,0.3546273458401979
2019-02-24,0.0,0.3546273458401979
2019-02-25,0.0,0.3546273458401979
2019-02-26,0.0,0.3546273458401979
2019-02-27,0.0,0.3546273458401979
2019-02-28,0.0,0.3546273458401979
2019-03-01,0.0,0.3546273458401979
2019-03-02,0.0,0.3546273458401979
2019-03-03,0.0,0.3546273458401979
2019-03-04,0.0,0.3546273458401979
2019-03-05,0.0,0.3546273458401979
2019-03-06,0.0,0.3546273458401979
2019-03-07,0.0,0.3546273458401979
2019-03-08,0.0,0.3546273458401979
2019-03-09,0.0,0.3546273458401979
2019-03-10,0.0,0.3546273458401979
2019-03-11,0.0,0.3546273458401979
2019-03-12,0.0,0.3546273458401979
2019-03-13,0.0,0.3546273458401979
2019-03-14,0.0,0.3546273458401979
2019-03-15,0.0554424484364604,0.37428875417610186
2019-03-16,0.0,0.37428875417610186
2019-03-17,0.0,0.37428875417610186
2019-03-18,0.0,0.37428875417610186
2019-03-19,0.0,0.37428875417610186
2019-03-20,0.0,0.37428875417610186
2019-03-21,0.0,0.37428875417610186
2019-03-22,0.0,0.37428875417610186
2019-03-23,0.0,0.37428875417610186
2019-03-24,0.0,0.37428875417610186
2019-03-25,0.0,0.37428875417610186
2019-03-26,0.0,0.37428875417610186
2019-03-27,0.0,0.37428875417610186
2019-03-28,0.0,0.37428875417610186
2019-03-29,0.0,0.37428875417610186
2019-03-30,0.0,0.37428875417610186
2019-03-31,0.0,0.37428875417610186
2019-04-01,0.0,0.37428875417610186
2019-04-02,0.012461563359766947,0.37895297720111554
2019-04-03,0.0,0.37895297720111554
2019-04-04,0.0,0.37895297720111554
2019-04-05,0.0,0.37895297720111554
2019-04-06,0.0,0.37895297720111554
2019-04-07,0.0,0.37895297720111554
2019-04-08,0.0,0.37895297720111554
2019-04-09,0.0,0.37895297720111554
2019-04-10,0.0,0.37895297720111554
2019-04-11,0.0,0.37895297720111554
2019-04-12,0.0,0.37895297720111554
2019-04-13,0.0,0.37895297720111554
2019-04-14,0.0,0.37895297720111554
2019-04-15,0.0,0.37895297720111554
2019-04-16,0.0,0.37895297720111554
2019-04-17,0.0,0.37895297720111554
2019-04-18,0.0,0.37895297720111554
2019-04-19,0.0,0.37895297720111554
2019-04-20,0.0,0.37895297720111554
2019-04-21,0.0,0.37895297720111554
2019-04-22,0.0,0.37895297720111554
2019-04-23,0.0,0.37895297720111554
2019-04-24,0.0,0.37895297720111554
2019-04-25,0.0,0.37895297720111554
2019-04-26,0.0,0.37895297720111554
2019-04-27,0.0,0.37895297720111554
2019-04-28,0.0,0.37895297720111554
2019-04-29,0.0,0.37895297720111554
2019-04-30,0.0,0.37895297720111554
2019-05-01,0.0,0.37895297720111554
2019-05-02,0.0,0.37895297720111554
2019-05-03,0.0,0.37895297720111554
2019-05-04,0.0,0.37895297720111554
2019-05-05,0.0,0.37895297720111554
2019-05-06,0.0,0.37895297720111554
2019-05-07,0.0,0.37895297720111554
2019-05-08,0.0,0.37895297720111554
2019-05-09,0.0,0.37895297720111554
2019-05-10,0.0,0.37895297720111554
2019-05-11,0.05559335873707133,0.40002024600713837
2019-05-12,0.0,0.40002024600713837
2019-05-13,0.0,0.40002024600713837
2019-05-14,0.14655647002783717,0.45864580120161164
2019-05-15,0.0,0.45864580120161164
2019-05-16,0.0,0.45864580120161164
2019-05-17,0.0,0.45864580120161164
2019-05-18,0.0,0.45864580120161164
2019-05-19,0.0,0.45864580120161164
2019-05-20,0.0,0.45864580120161164
2019-05-21,0.0,0.45864580120161164
2019-05-22,0.0,0.45864580120161164
2019-05-23,0.0,0.45864580120161164
2019-05-24,0.0,0.45864580120161164
2019-05-25,0.0,0.45864580120161164
2019-05-26,0.0,0.45864580120161164
2019-05-27,0.0,0.45864580120161164
2019-05-28,0.0,0.45864580120161164
2019-05-29,0.0,0.45864580120161164
2019-05-30,0.0,0.45864580120161164
2019-05-31,0.0,0.45864580120161164
2019-06-01,0.0,0.45864580120161164
2019-06-02,0.0,0.45864580120161164
2019-06-03,0.0,0.45864580120161164
2019-06-04,0.0,0.45864580120161164
2019-06-05,0.0,0.45864580120161164
2019-06-06,0.0,0.45864580120161164
2019-06-07,0.0,0.45864580120161164
2019-06-08,0.0,0.45864580120161164
2019-06-09,0.0,0.45864580120161164
2019-06-10,0.0,0.45864580120161164
2019-06-11,0.0,0.45864580120161164
2019-06-12,0.0,0.45864580120161164
2019-06-13,0.0,0.45864580120161164
2019-06-14,0.0,0.45864580120161164
2019-06-15,0.0,0.45864580120161164
2019-06-16,0.0,0.45864580120161164
2019-06-17,0.0,0.45864580120161164
2019-06-18,0.0,0.45864580120161164
2019-06-19,0.0,0.45864580120161164
2019-06-20,0.0,0.45864580120161164
2019-06-21,0.0,0.45864580120161164
2019-06-22,0.0,0.45864580120161164
2019-06-23,0.0,0.45864580120161164
2019-06-24,0.0,0.45864580120161164
2019-06-25,0.0,0.45864580120161164
2019-06-26,0.0,0.45864580120161164
2019-06-27,0.0,0.45864580120161164
2019-06-28,0.0,0.45864580120161164
2019-06-29,0.0,0.45864580120161164
2019-06-30,0.0,0.45864580120161164
2019-07-01,0.0,0.45864580120161164
2019-07-02,0.0,0.45864580120161164
2019-07-03,0.0,0.45864580120161164
2019-07-04,0.0,0.45864580120161164
2019-07-05,0.0,0.45864580120161164
2019-07-06,0.0,0.45864580120161164
2019-07-07,0.0,0.45864580120161164
2019-07-08,0.0,0.45864580120161164
2019-07-09,0.0,0.45864580120161164
2019-07-10,0.0,0.45864580120161164
2019-07-11,0.0,0.45864580120161164
2019-07-12,0.0,0.45864580120161164
2019-07-13,0.0,0.45864580120161164
2019-07-14,0.0,0.45864580120161164
2019-07-15,0.0,0.45864580120161164
2019-07-16,0.0,0.45864580120161164
2019-07-17,0.0,0.45864580120161164
2019-07-18,0.0,0.45864580120161164
2019-07-19,0.0,0.45864580120161164
2019-07-20,0.0,0.45864580120161164
2019-07-21,0.0,0.45864580120161164
2019-07-22,0.0,0.45864580120161164
2019-07-23,0.0,0.45864580120161164
2019-07-24,0.0,0.45864580120161164
2019-07-25,0.0,0.45864580120161164
2019-07-26,0.0,0.45864580120161164
2019-07-27,0.0,0.45864580120161164
2019-07-28,0.0,0.45864580120161164
2019-07-29,0.0,0.45864580120161164
2019-07-30,0.0,0.45864580120161164
2019-07-31,0.0,0.45864580120161164
2019-08-01,0.0,0.45864580120161164
2019-08-02,0.0,0.45864580120161164
2019-08-03,0.0,0.45864580120161164
2019-08-04,0.0,0.45864580120161164
2019-08-05,0.02188238880440524,0.46868206694701325
2019-08-06,0.0,0.46868206694701325
2019-08-07,0.0,0.46868206694701325
2019-08-08,0.0,0.46868206694701325
2019-08-09,0.0,0.46868206694701325
2019-08-10,0.0,0.46868206694701325
2019-08-11,0.0,0.46868206694701325
2019-08-12,0.0,0.46868206694701325
2019-08-13,0.0,0.46868206694701325
2019-08-14,0.0,0.46868206694701325
2019-08-15,0.0,0.46868206694701325
2019-08-16,0.0,0.46868206694701325
2019-08-17,0.0,0.46868206694701325
2019-08-18,0.0,0.46868206694701325
2019-08-19,0.0,0.46868206694701325
2019-08-20,0.0,0.46868206694701325
2019-08-21,0.0,0.46868206694701325
2019-08-22,0.0,0.46868206694701325
2019-08-23,0.0,0.46868206694701325
2019-08-24,0.0,0.46868206694701325
2019-08-25,0.0,0.46868206694701325
2019-08-26,0.0,0.46868206694701325
2019-08-27,0.0,0.46868206694701325
2019-08-28,0.0,0.46868206694701325
2019-08-29,0.0,0.46868206694701325
2019-08-30,0.0,0.46868206694701325
2019-08-31,0.0,0.46868206694701325
2019-09-01,0.0,0.46868206694701325
2019-09-02,0.0,0.46868206694701325
2019-09-03,0.0,0.46868206694701325
2019-09-04,0.0,0.46868206694701325
2019-09-05,0.0,0.46868206694701325
2019-09-06,0.0,0.46868206694701325
2019-09-07,0.0,0.46868206694701325
2019-09-08,0.0,0.46868206694701325
2019-09-09,0.0,0.46868206694701325
2019-09-10,0.0,0.46868206694701325
2019-09-11,0.0,0.46868206694701325
2019-09-12,0.0,0.46868206694701325
2019-09-13,0.0,0.46868206694701325
2019-09-14,0.0,0.46868206694701325
2019-09-15,0.0,0.46868206694701325
2019-09-16,0.006301371249126164,0.4716354066486542
2019-09-17,-0.0705486681221778,0.4383621568703299
2019-09-18,-0.08992728828058169,0.3989414368181542
2019-09-19,0.0,0.3989414368181542
2019-09-20,0.0,0.3989414368181542
2019-09-21,0.0,0.3989414368181542
2019-09-22,0.0,0.3989414368181542
2019-09-23,0.0,0.3989414368181542
2019-09-24,0.0,0.3989414368181542
2019-09-25,0.0,0.3989414368181542
2019-09-26,0.0,0.3989414368181542
2019-09-27,0.0,0.3989414368181542
2019-09-28,0.0,0.3989414368181542
2019-09-29,0.0,0.3989414368181542
2019-09-30,0.0,0.3989414368181542
2019-10-01,0.0,0.3989414368181542
2019-10-02,0.0,0.3989414368181542
2019-10-03,0.0,0.3989414368181542
2019-10-04,0.0,0.3989414368181542
2019-10-05,0.0,0.3989414368181542
2019-10-06,0.0,0.3989414368181542
2019-10-07,0.0,0.3989414368181542
2019-10-08,0.0,0.3989414368181542
2019-10-09,0.0,0.3989414368181542
2019-10-10,0.0,0.3989414368181542
2019-10-11,0.0,0.3989414368181542
2019-10-12,0.0,0.3989414368181542
2019-10-13,0.0,0.3989414368181542
2019-10-14,0.06103096298506189,0.42328921688181037
2019-10-15,0.0,0.42328921688181037
2019-10-16,0.0,0.42328921688181037
2019-10-17,0.0,0.42328921688181037
2019-10-18,0.0,0.42328921688181037
2019-10-19,0.0,0.42328921688181037
2019-10-20,0.0,0.42328921688181037
2019-10-21,0.0,0.42328921688181037
2019-10-22,0.0,0.42328921688181037
2019-10-23,0.0,0.42328921688181037
2019-10-24,0.0,0.42328921688181037
2019-10-25,0.0,0.42328921688181037
2019-10-26,-0.018174280506232654,0.41559623991893685
2019-10-27,0.0,0.41559623991893685
2019-10-28,0.0,0.41559623991893685
2019-10-29,0.0,0.41559623991893685
2019-10-30,0.0,0.41559623991893685
2019-10-31,0.0,0.41559623991893685
2019-11-01,0.0,0.41559623991893685
2019-11-02,0.0,0.41559623991893685
2019-11-03,0.0,0.41559623991893685
2019-11-04,0.0,0.41559623991893685
2019-11-05,0.033462093669803294,0.4295029602279224
2019-11-06,0.0,0.4295029602279224
2019-11-07,0.0,0.4295029602279224
2019-11-08,0.0,0.4295029602279224
2019-11-09,0.0,0.4295029602279224
2019-11-10,0.0,0.4295029602279224
2019-11-11,0.0,0.4295029602279224
2019-11-12,0.0,0.4295029602279224
2019-11-13,0.0,0.4295029602279224
2019-11-14,0.0,0.4295029602279224
2019-11-15,0.0,0.4295029602279224
2019-11-16,0.0,0.4295029602279224
2019-11-17,0.0,0.4295029602279224
2019-11-18,0.0,0.4295029602279224
2019-11-19,0.0,0.4295029602279224
2019-11-20,0.0,0.4295029602279224
2019-11-21,0.0,0.4295029602279224
2019-11-22,0.0,0.4295029602279224
2019-11-23,0.0,0.4295029602279224
2019-11-24,0.0,0.4295029602279224
2019-11-25,0.0,0.4295029602279224
2019-11-26,0.0,0.4295029602279224
2019-11-27,0.0,0.4295029602279224
2019-11-28,0.0,0.4295029602279224
2019-11-29,0.0,0.4295029602279224
2019-11-30,0.0,0.4295029602279224
2019-12-01,0.0,0.4295029602279224
2019-12-02,0.0,0.4295029602279224
2019-12-03,0.0,0.4295029602279224
2019-12-04,0.0,0.4295029602279224
2019-12-05,0.0,0.4295029602279224
2019-12-06,0.0,0.4295029602279224
2019-12-07,0.0,0.4295029602279224
2019-12-08,0.0,0.4295029602279224
2019-12-09,0.0,0.4295029602279224
2019-12-10,0.0,0.4295029602279224
2019-12-11,0.0,0.4295029602279224
2019-12-12,0.0,0.4295029602279224
2019-12-13,0.0,0.4295029602279224
2019-12-14,0.0,0.4295029602279224
2019-12-15,0.0,0.4295029602279224
2019-12-16,0.0,0.4295029602279224
2019-12-17,0.0,0.4295029602279224
2019-12-18,0.0,0.4295029602279224
2019-12-19,0.0,0.4295029602279224
2019-12-20,0.0,0.4295029602279224
2019-12-21,0.0,0.4295029602279224
2019-12-22,0.0,0.4295029602279224
2019-12-23,0.0,0.4295029602279224
2019-12-24,0.0,0.4295029602279224
2019-12-25,0.0,0.4295029602279224
2019-12-26,0.0,0.4295029602279224
2019-12-27,0.0,0.4295029602279224
2019-12-28,0.0,0.4295029602279224
2019-12-29,0.0,0.4295029602279224
2019-12-30,0.0,0.4295029602279224
2019-12-31,0.0,0.4295029602279224
2020-01-01,0.0,0.4295029602279224
2020-01-02,0.0,0.4295029602279224
2020-01-03,0.0,0.4295029602279224
2020-01-04,0.0,0.4295029602279224
2020-01-05,0.0,0.4295029602279224
2020-01-06,-0.15946434661882594,0.3610125513043252
2020-01-07,0.0,0.3610125513043252
2020-01-08,0.0,0.3610125513043252
2020-01-09,0.0,0.3610125513043252
2020-01-10,0.0,0.3610125513043252
2020-01-11,0.0,0.3610125513043252
2020-01-12,0.0,0.3610125513043252
2020-01-13,0.0,0.3610125513043252
2020-01-14,0.0,0.3610125513043252
2020-01-15,0.0,0.3610125513043252
2020-01-16,0.0,0.3610125513043252
2020-01-17,0.0,0.3610125513043252
2020-01-18,0.0,0.3610125513043252
2020-01-19,0.0,0.3610125513043252
2020-01-20,0.0,0.3610125513043252
2020-01-21,0.0,0.3610125513043252
2020-01-22,0.0,0.3610125513043252
2020-01-23,0.0,0.3610125513043252
2020-01-24,0.0,0.3610125513043252
2020-01-25,0.0,0.3610125513043252
2020-01-26,0.0,0.3610125513043252
2020-01-27,0.0,0.3610125513043252
2020-01-28,0.0,0.3610125513043252
2020-01-29,0.0,0.3610125513043252
2020-01-30,0.0,0.3610125513043252
2020-01-31,0.0,0.3610125513043252
2020-02-01,0.0,0.3610125513043252
2020-02-02,0.0,0.3610125513043252
2020-02-03,0.0,0.3610125513043252
2020-02-04,0.0,0.3610125513043252
2020-02-05,0.0,0.3610125513043252
2020-02-06,0.0,0.3610125513043252
2020-02-07,0.0,0.3610125513043252
2020-02-08,0.0,0.3610125513043252
2020-02-09,0.0,0.3610125513043252
2020-02-10,0.0,0.3610125513043252
2020-02-11,0.0,0.3610125513043252
2020-02-12,0.0,0.3610125513043252
2020-02-13,0.0,0.3610125513043252
2020-02-14,0.0,0.3610125513043252
2020-02-15,0.0,0.3610125513043252
2020-02-16,0.0,0.3610125513043252
2020-02-17,0.0,0.3610125513043252
2020-02-18,0.0,0.3610125513043252
2020-02-19,0.0,0.3610125513043252
2020-02-20,0.0,0.3610125513043252
2020-02-21,0.0,0.3610125513043252
2020-02-22,0.0,0.3610125513043252
2020-02-23,0.0,0.3610125513043252
2020-02-24,0.0,0.3610125513043252
2020-02-25,0.0,0.3610125513043252
2020-02-26,0.0,0.3610125513043252
2020-02-27,0.0,0.3610125513043252
2020-02-28,0.0,0.3610125513043252
2020-02-29,0.0,0.3610125513043252
2020-03-01,0.0,0.3610125513043252
2020-03-02,0.0,0.3610125513043252
2020-03-03,0.0,0.3610125513043252
2020-03-04,0.0,0.3610125513043252
2020-03-05,0.0,0.3610125513043252
2020-03-06,0.0,0.3610125513043252
2020-03-07,0.0,0.3610125513043252
2020-03-08,0.0,0.3610125513043252
2020-03-09,0.0,0.3610125513043252
2020-03-10,0.0,0.3610125513043252
2020-03-11,0.0,0.3610125513043252
2020-03-12,0.0,0.3610125513043252
2020-03-13,0.0,0.3610125513043252
2020-03-14,0.0,0.3610125513043252
2020-03-15,0.0,0.3610125513043252
2020-03-16,0.0,0.3610125513043252
2020-03-17,0.0,0.3610125513043252
2020-03-18,0.0,0.3610125513043252
2020-03-19,0.0,0.3610125513043252
2020-03-20,0.0,0.3610125513043252
2020-03-21,0.0,0.3610125513043252
2020-03-22,0.0,0.3610125513043252
2020-03-23,0.0,0.3610125513043252
2020-03-24,0.0,0.3610125513043252
2020-03-25,0.0,0.3610125513043252
2020-03-26,0.0,0.3610125513043252
2020-03-27,0.0,0.3610125513043252
2020-03-28,0.0,0.3610125513043252
2020-03-29,0.0,0.3610125513043252
2020-03-30,0.0,0.3610125513043252
2020-03-31,0.0,0.3610125513043252
2020-04-01,0.0,0.3610125513043252
2020-04-02,0.0,0.3610125513043252
2020-04-03,0.0,0.3610125513043252
2020-04-04,0.0,0.3610125513043252
2020-04-05,0.0,0.3610125513043252
2020-04-06,-0.21651006464637076,0.2828497004832745
2020-04-07,0.0,0.2828497004832745
2020-04-08,0.0,0.2828497004832745
2020-04-09,0.0,0.2828497004832745
2020-04-10,0.0,0.2828497004832745
2020-04-11,0.0,0.2828497004832745
2020-04-12,0.0,0.2828497004832745
2020-04-13,0.0,0.2828497004832745
2020-04-14,0.0,0.2828497004832745
2020-04-15,0.0,0.2828497004832745
2020-04-16,0.0,0.2828497004832745
2020-04-17,0.0,0.2828497004832745
2020-04-18,0.0,0.2828497004832745
2020-04-19,0.0,0.2828497004832745
2020-04-20,0.0,0.2828497004832745
2020-04-21,0.0,0.2828497004832745
2020-04-22,0.0,0.2828497004832745
2020-04-23,0.0,0.2828497004832745
2020-04-24,0.0,0.2828497004832745
2020-04-25,0.0,0.2828497004832745
2020-04-26,0.0,0.2828497004832745
2020-04-27,0.0,0.2828497004832745
2020-04-28,0.0,0.2828497004832745
2020-04-29,0.0,0.2828497004832745
2020-04-30,0.0,0.2828497004832745
2020-05-01,0.0,0.2828497004832745
2020-05-02,0.0,0.2828497004832745
2020-05-03,0.0,0.2828497004832745
2020-05-04,0.0,0.2828497004832745
2020-05-05,0.0,0.2828497004832745
2020-05-06,0.0,0.2828497004832745
2020-05-07,0.0,0.2828497004832745
2020-05-08,0.0,0.2828497004832745
2020-05-09,0.0,0.2828497004832745
2020-05-10,0.0,0.2828497004832745
2020-05-11,0.0,0.2828497004832745
2020-05-12,0.0,0.2828497004832745
2020-05-13,0.0,0.2828497004832745
2020-05-14,0.0,0.2828497004832745
2020-05-15,0.0,0.2828497004832745
2020-05-16,0.0,0.2828497004832745
2020-05-17,0.0,0.2828497004832745
2020-05-18,0.0,0.2828497004832745
2020-05-19,0.0,0.2828497004832745
2020-05-20,0.0,0.2828497004832745
2020-05-21,0.0,0.2828497004832745
2020-05-22,0.0,0.2828497004832745
2020-05-23,0.0,0.2828497004832745
2020-05-24,0.0,0.2828497004832745
2020-05-25,0.0,0.2828497004832745
2020-05-26,0.0,0.2828497004832745
2020-05-27,0.0,0.2828497004832745
2020-05-28,0.0,0.2828497004832745
2020-05-29,0.0,0.2828497004832745
2020-05-30,0.0,0.2828497004832745
2020-05-31,0.0,0.2828497004832745
2020-06-01,0.0,0.2828497004832745
2020-06-02,0.0,0.2828497004832745
2020-06-03,0.0,0.2828497004832745
2020-06-04,0.0,0.2828497004832745
2020-06-05,0.0,0.2828497004832745
2020-06-06,0.0,0.2828497004832745
2020-06-07,0.0,0.2828497004832745
2020-06-08,0.0,0.2828497004832745
2020-06-09,0.0,0.2828497004832745
2020-06-10,0.0,0.2828497004832745
2020-06-11,0.0,0.2828497004832745
2020-06-12,0.0,0.2828497004832745
2020-06-13,0.0,0.2828497004832745
2020-06-14,0.0,0.2828497004832745
2020-06-15,0.0,0.2828497004832745
2020-06-16,0.0,0.2828497004832745
2020-06-17,0.0,0.2828497004832745
2020-06-18,0.0,0.2828497004832745
2020-06-19,0.0,0.2828497004832745
2020-06-20,0.0,0.2828497004832745
2020-06-21,0.0,0.2828497004832745
2020-06-22,0.0,0.2828497004832745
2020-06-23,0.0,0.2828497004832745
2020-06-24,0.0,0.2828497004832745
2020-06-25,0.0,0.2828497004832745
2020-06-26,0.0,0.2828497004832745
2020-06-27,0.0,0.2828497004832745
2020-06-28,0.0,0.2828497004832745
2020-06-29,0.0,0.2828497004832745
2020-06-30,0.0,0.2828497004832745
2020-07-01,0.0,0.2828497004832745
2020-07-02,0.0,0.2828497004832745
2020-07-03,0.0,0.2828497004832745
2020-07-04,0.0,0.2828497004832745
2020-07-05,0.0,0.2828497004832745
2020-07-06,0.0,0.2828497004832745
2020-07-07,0.0,0.2828497004832745
2020-07-08,0.017732234645752742,0.2878652577417248
2020-07-09,0.0,0.2878652577417248
2020-07-10,0.0,0.2878652577417248
2020-07-11,0.0,0.2878652577417248
2020-07-12,0.0,0.2878652577417248
2020-07-13,0.0,0.2878652577417248
2020-07-14,0.0,0.2878652577417248
2020-07-15,0.0,0.2878652577417248
2020-07-16,0.0,0.2878652577417248
2020-07-17,0.0,0.2878652577417248
2020-07-18,0.0,0.2878652577417248
2020-07-19,0.0,0.2878652577417248
2020-07-20,0.0,0.2878652577417248
2020-07-21,0.024274077678116457,0.29485292136897845
2020-07-22,0.0,0.29485292136897845
2020-07-23,0.0,0.29485292136897845
2020-07-24,0.0,0.29485292136897845
2020-07-25,0.0,0.29485292136897845
2020-07-26,0.0,0.29485292136897845
2020-07-27,0.0,0.29485292136897845
2020-07-28,0.0,0.29485292136897845
2020-07-29,0.0,0.29485292136897845
2020-07-30,0.0,0.29485292136897845
2020-07-31,0.0,0.29485292136897845
2020-08-01,0.0,0.29485292136897845
2020-08-02,0.0,0.29485292136897845
2020-08-03,0.0,0.29485292136897845
2020-08-04,0.0,0.29485292136897845
2020-08-05,0.0,0.29485292136897845
2020-08-06,0.0,0.29485292136897845
2020-08-07,0.0,0.29485292136897845
2020-08-08,0.0,0.29485292136897845
2020-08-09,0.0,0.29485292136897845
2020-08-10,0.0,0.29485292136897845
2020-08-11,0.0,0.29485292136897845
2020-08-12,0.0,0.29485292136897845
2020-08-13,0.0,0.29485292136897845
2020-08-14,0.0,0.29485292136897845
2020-08-15,0.0,0.29485292136897845
2020-08-16,0.0,0.29485292136897845
2020-08-17,0.0,0.29485292136897845
2020-08-18,0.0,0.29485292136897845
2020-08-19,0.0,0.29485292136897845
2020-08-20,0.0,0.29485292136897845
2020-08-21,0.0,0.29485292136897845
2020-08-22,0.0,0.29485292136897845
2020-08-23,0.0,0.29485292136897845
2020-08-24,0.0,0.29485292136897845
2020-08-25,0.0,0.29485292136897845
2020-08-26,0.0,0.29485292136897845
2020-08-27,0.0,0.29485292136897845
2020-08-28,0.0,0.29485292136897845
2020-08-29,0.0,0.29485292136897845
2020-08-30,0.0,0.29485292136897845
2020-08-31,0.0,0.29485292136897845
2020-09-01,0.0,0.29485292136897845
2020-09-02,0.0,0.29485292136897845
2020-09-03,0.0,0.29485292136897845
2020-09-04,0.0,0.29485292136897845
2020-09-05,0.0,0.29485292136897845
2020-09-06,0.0,0.29485292136897845
2020-09-07,0.0,0.29485292136897845
2020-09-08,0.0,0.29485292136897845
2020-09-09,0.0,0.29485292136897845
2020-09-10,0.0,0.29485292136897845
2020-09-11,0.0,0.29485292136897845
2020-09-12,0.0,0.29485292136897845
2020-09-13,0.0,0.29485292136897845
2020-09-14,0.0,0.29485292136897845
2020-09-15,0.0,0.29485292136897845
2020-09-16,0.0,0.29485292136897845
2020-09-17,0.0,0.29485292136897845
2020-09-18,0.0,0.29485292136897845
2020-09-19,0.0,0.29485292136897845
2020-09-20,0.0,0.29485292136897845
2020-09-21,0.0,0.29485292136897845
2020-09-22,0.0,0.29485292136897845
2020-09-23,0.0,0.29485292136897845
2020-09-24,0.0,0.29485292136897845
2020-09-25,0.0,0.29485292136897845
2020-09-26,0.0,0.29485292136897845
2020-09-27,-0.05181473787119639,0.27957519453768837
2020-09-28,0.0,0.27957519453768837
2020-09-29,0.0,0.27957519453768837
2020-09-30,0.0,0.27957519453768837
2020-10-01,0.0,0.27957519453768837
2020-10-02,0.0,0.27957519453768837
2020-10-03,0.0,0.27957519453768837
2020-10-04,0.0,0.27957519453768837
2020-10-05,0.0,0.27957519453768837
2020-10-06,0.0,0.27957519453768837
2020-10-07,0.0,0.27957519453768837
2020-10-08,0.0,0.27957519453768837
2020-10-09,0.0,0.27957519453768837
2020-10-10,-0.012306197933607405,0.27613468685638076
2020-10-11,0.0,0.27613468685638076
2020-10-12,0.019462483311603607,0.2815089535910779
2020-10-13,-0.025365171797078617,0.2743684306208244
2020-10-14,0.0,0.2743684306208244
2020-10-15,0.0,0.2743684306208244
2020-10-16,0.0,0.2743684306208244
2020-10-17,0.0,0.2743684306208244
2020-10-18,0.0,0.2743684306208244
2020-10-19,0.0,0.2743684306208244
2020-10-20,0.0,0.2743684306208244
2020-10-21,0.0,0.2743684306208244
2020-10-22,0.0,0.2743684306208244
2020-10-23,0.0,0.2743684306208244
2020-10-24,0.0,0.2743684306208244
2020-10-25,0.0,0.2743684306208244
2020-10-26,0.0,0.2743684306208244
2020-10-27,0.0,0.2743684306208244
2020-10-28,0.0,0.2743684306208244
2020-10-29,0.0,0.2743684306208244
2020-10-30,0.0,0.2743684306208244
2020-10-31,0.0,0.2743684306208244
2020-11-01,0.0,0.2743684306208244
2020-11-02,0.0,0.2743684306208244
2020-11-03,0.0,0.2743684306208244
2020-11-04,0.0,0.2743684306208244
2020-11-05,0.0,0.2743684306208244
2020-11-06,0.0,0.2743684306208244
2020-11-07,0.0,0.2743684306208244
2020-11-08,0.0,0.2743684306208244
2020-11-09,0.0,0.2743684306208244
2020-11-10,0.0,0.2743684306208244
2020-11-11,0.0,0.2743684306208244
2020-11-12,0.0,0.2743684306208244
2020-11-13,0.0,0.2743684306208244
2020-11-14,0.01990362341011409,0.2798293565395253
2020-11-15,0.0,0.2798293565395253
2020-11-16,0.0,0.2798293565395253
2020-11-17,0.0,0.2798293565395253
2020-11-18,0.0,0.2798293565395253
2020-11-19,0.0,0.2798293565395253
2020-11-20,0.0520301988615362,0.2943889336075725
2020-11-21,0.0,0.2943889336075725
2020-11-22,0.0,0.2943889336075725
2020-11-23,0.0,0.2943889336075725
2020-11-24,0.0,0.2943889336075725
2020-11-25,0.0,0.2943889336075725
2020-11-26,0.0,0.2943889336075725
2020-11-27,0.0,0.2943889336075725
2020-11-28,0.0,0.2943889336075725
2020-11-29,0.0,0.2943889336075725
2020-11-30,0.0,0.2943889336075725
2020-12-01,0.0,0.2943889336075725
2020-12-02,0.0,0.2943889336075725
2020-12-03,0.0,0.2943889336075725
2020-12-04,0.0,0.2943889336075725
2020-12-05,0.0,0.2943889336075725
2020-12-06,0.0,0.2943889336075725
2020-12-07,0.0,0.2943889336075725
2020-12-08,0.0,0.2943889336075725
2020-12-09,0.0,0.2943889336075725
2020-12-10,0.0,0.2943889336075725
2020-12-11,0.0,0.2943889336075725
2020-12-12,0.0,0.2943889336075725
2020-12-13,0.0,0.2943889336075725
2020-12-14,0.0,0.2943889336075725
2020-12-15,0.0,0.2943889336075725
2020-12-16,0.0,0.2943889336075725
2020-12-17,0.0,0.2943889336075725
2020-12-18,0.0,0.2943889336075725
2020-12-19,0.0,0.2943889336075725
2020-12-20,0.0,0.2943889336075725
2020-12-21,0.0,0.2943889336075725
2020-12-22,0.0,0.2943889336075725
2020-12-23,0.0,0.2943889336075725
2020-12-24,0.0,0.2943889336075725
2020-12-25,0.0,0.2943889336075725
2020-12-26,0.0,0.2943889336075725
2020-12-27,0.0,0.2943889336075725
2020-12-28,0.0,0.2943889336075725
2020-12-29,0.0,0.2943889336075725
2020-12-30,0.0,0.2943889336075725
2020-12-31,0.0,0.2943889336075725
2021-01-01,0.0,0.2943889336075725
2021-01-02,0.0,0.2943889336075725
2021-01-03,0.0,0.2943889336075725
2021-01-04,0.0,0.2943889336075725
2021-01-05,0.0,0.2943889336075725
2021-01-06,0.0,0.2943889336075725
2021-01-07,0.0,0.2943889336075725
2021-01-08,0.0,0.2943889336075725
2021-01-09,0.0,0.2943889336075725
2021-01-10,0.0,0.2943889336075725
2021-01-11,0.0,0.2943889336075725
2021-01-12,0.0,0.2943889336075725
2021-01-13,0.0,0.2943889336075725
2021-01-14,0.0,0.2943889336075725
2021-01-15,0.0,0.2943889336075725
2021-01-16,0.0,0.2943889336075725
2021-01-17,0.0,0.2943889336075725
2021-01-18,0.0,0.2943889336075725
2021-01-19,0.0,0.2943889336075725
2021-01-20,0.0,0.2943889336075725
2021-01-21,0.0,0.2943889336075725
2021-01-22,0.0,0.2943889336075725
2021-01-23,0.0,0.2943889336075725
2021-01-24,0.0,0.2943889336075725
2021-01-25,0.0,0.2943889336075725
2021-01-26,0.0,0.2943889336075725
2021-01-27,0.0,0.2943889336075725
2021-01-28,0.0,0.2943889336075725
2021-01-29,0.0,0.2943889336075725
2021-01-30,-0.015673956605453176,0.2897746942370818
2021-01-31,0.0,0.2897746942370818
2021-02-01,0.0,0.2897746942370818
2021-02-02,0.0,0.2897746942370818
2021-02-03,0.0,0.2897746942370818
2021-02-04,0.0,0.2897746942370818
2021-02-05,0.0,0.2897746942370818
2021-02-06,0.0,0.2897746942370818
2021-02-07,0.0,0.2897746942370818
2021-02-08,0.0,0.2897746942370818
2021-02-09,0.0,0.2897746942370818
2021-02-10,0.0,0.2897746942370818
2021-02-11,0.0,0.2897746942370818
2021-02-12,0.0,0.2897746942370818
2021-02-13,0.0,0.2897746942370818
2021-02-14,0.0,0.2897746942370818
2021-02-15,0.0,0.2897746942370818
2021-02-16,0.0,0.2897746942370818
2021-02-17,0.0,0.2897746942370818
2021-02-18,0.0,0.2897746942370818
2021-02-19,0.0,0.2897746942370818
2021-02-20,0.0,0.2897746942370818
2021-02-21,0.0,0.2897746942370818
2021-02-22,0.0,0.2897746942370818
2021-02-23,0.0,0.2897746942370818
2021-02-24,0.0,0.2897746942370818
2021-02-25,0.0,0.2897746942370818
2021-02-26,0.0,0.2897746942370818
2021-02-27,0.0,0.2897746942370818
2021-02-28,0.0,0.2897746942370818
2021-03-01,0.0,0.2897746942370818
2021-03-02,0.0,0.2897746942370818
2021-03-03,0.0,0.2897746942370818
2021-03-04,0.0,0.2897746942370818
2021-03-05,0.0,0.2897746942370818
2021-03-06,0.0,0.2897746942370818
2021-03-07,0.0,0.2897746942370818
2021-03-08,0.0,0.2897746942370818
2021-03-09,0.0,0.2897746942370818
2021-03-10,0.0,0.2897746942370818
2021-03-11,0.0,0.2897746942370818
2021-03-12,0.0,0.2897746942370818
2021-03-13,0.0,0.2897746942370818
2021-03-14,0.0,0.2897746942370818
2021-03-15,0.0,0.2897746942370818
2021-03-16,0.0,0.2897746942370818
2021-03-17,0.0,0.2897746942370818
2021-03-18,0.0,0.2897746942370818
2021-03-19,0.0,0.2897746942370818
2021-03-20,0.0,0.2897746942370818
2021-03-21,0.0,0.2897746942370818
2021-03-22,0.0,0.2897746942370818
2021-03-23,0.0,0.2897746942370818
2021-03-24,0.0,0.2897746942370818
2021-03-25,0.0,0.2897746942370818
2021-03-26,0.0,0.2897746942370818
2021-03-27,0.0,0.2897746942370818
2021-03-28,0.0,0.2897746942370818
2021-03-29,0.0,0.2897746942370818
2021-03-30,0.0,0.2897746942370818
2021-03-31,0.0,0.2897746942370818
2021-04-01,0.0,0.2897746942370818
2021-04-02,0.0,0.2897746942370818
2021-04-03,0.0,0.2897746942370818
2021-04-04,0.0,0.2897746942370818
2021-04-05,0.0,0.2897746942370818
2021-04-06,0.0,0.2897746942370818
2021-04-07,0.0,0.2897746942370818
2021-04-08,0.0,0.2897746942370818
2021-04-09,0.0,0.2897746942370818
2021-04-10,0.0,0.2897746942370818
2021-04-11,0.0,0.2897746942370818
2021-04-12,0.0,0.2897746942370818
2021-04-13,0.0,0.2897746942370818
2021-04-14,0.0,0.2897746942370818
2021-04-15,0.0,0.2897746942370818
2021-04-16,0.0,0.2897746942370818
2021-04-17,0.0,0.2897746942370818
2021-04-18,0.0,0.2897746942370818
2021-04-19,0.0,0.2897746942370818
2021-04-20,0.0,0.2897746942370818
2021-04-21,0.0,0.2897746942370818
2021-04-22,0.0,0.2897746942370818
2021-04-23,0.0,0.2897746942370818
2021-04-24,0.0,0.2897746942370818
2021-04-25,0.0,0.2897746942370818
2021-04-26,0.0,0.2897746942370818
2021-04-27,0.0,0.2897746942370818
2021-04-28,0.0,0.2897746942370818
2021-04-29,0.0,0.2897746942370818
2021-04-30,0.0,0.2897746942370818
2021-05-01,0.0,0.2897746942370818
2021-05-02,0.0,0.2897746942370818
2021-05-03,0.0,0.2897746942370818
2021-05-04,0.0,0.2897746942370818
2021-05-05,0.0,0.2897746942370818
2021-05-06,0.13148985048770384,0.32787712545743575
2021-05-07,0.0,0.32787712545743575
2021-05-08,0.0,0.32787712545743575
2021-05-09,0.0,0.32787712545743575
2021-05-10,0.0,0.32787712545743575
2021-05-11,0.0,0.32787712545743575
2021-05-12,0.0,0.32787712545743575
2021-05-13,0.0,0.32787712545743575
2021-05-14,0.0,0.32787712545743575
2021-05-15,0.0,0.32787712545743575
2021-05-16,0.0,0.32787712545743575
2021-05-17,0.0,0.32787712545743575
2021-05-18,0.0,0.32787712545743575
2021-05-19,0.0,0.32787712545743575
2021-05-20,0.0,0.32787712545743575
2021-05-21,0.0,0.32787712545743575
2021-05-22,0.0,0.32787712545743575
2021-05-23,0.0,0.32787712545743575
2021-05-24,0.0,0.32787712545743575
2021-05-25,0.0,0.32787712545743575
2021-05-26,0.0,0.32787712545743575
2021-05-27,0.0,0.32787712545743575
2021-05-28,0.0,0.32787712545743575
2021-05-29,0.0,0.32787712545743575
2021-05-30,0.0,0.32787712545743575
2021-05-31,0.0,0.32787712545743575
2021-06-01,0.0,0.32787712545743575
2021-06-02,0.0,0.32787712545743575
2021-06-03,0.0,0.32787712545743575
2021-06-04,0.0,0.32787712545743575
2021-06-05,0.0,0.32787712545743575
2021-06-06,0.0,0.32787712545743575
2021-06-07,0.0,0.32787712545743575
2021-06-08,0.0,0.32787712545743575
2021-06-09,0.0,0.32787712545743575
2021-06-10,0.0,0.32787712545743575
2021-06-11,0.0,0.32787712545743575
2021-06-12,0.0,0.32787712545743575
2021-06-13,0.0,0.32787712545743575
2021-06-14,0.0,0.32787712545743575
2021-06-15,0.0,0.32787712545743575
2021-06-16,0.0,0.32787712545743575
2021-06-17,0.0,0.32787712545743575
2021-06-18,0.0,0.32787712545743575
2021-06-19,0.0,0.32787712545743575
2021-06-20,0.0,0.32787712545743575
2021-06-21,0.0,0.32787712545743575
2021-06-22,0.0,0.32787712545743575
2021-06-23,0.0,0.32787712545743575
2021-06-24,0.0,0.32787712545743575
2021-06-25,0.0,0.32787712545743575
2021-06-26,0.0,0.32787712545743575
2021-06-27,0.0,0.32787712545743575
2021-06-28,0.0,0.32787712545743575
2021-06-29,0.0,0.32787712545743575
2021-06-30,0.0,0.32787712545743575
2021-07-01,0.0,0.32787712545743575
2021-07-02,0.0,0.32787712545743575
2021-07-03,0.0,0.32787712545743575
2021-07-04,0.0,0.32787712545743575
2021-07-05,0.0,0.32787712545743575
2021-07-06,0.0,0.32787712545743575
2021-07-07,0.0,0.32787712545743575
2021-07-08,0.0,0.32787712545743575
2021-07-09,0.0,0.32787712545743575
2021-07-10,0.0,0.32787712545743575
2021-07-11,0.0,0.32787712545743575
2021-07-12,0.0,0.32787712545743575
2021-07-13,0.0,0.32787712545743575
2021-07-14,0.0,0.32787712545743575
2021-07-15,0.0,0.32787712545743575
2021-07-16,0.0,0.32787712545743575
2021-07-17,0.0,0.32787712545743575
2021-07-18,0.0,0.32787712545743575
2021-07-19,0.0,0.32787712545743575
2021-07-20,0.0,0.32787712545743575
2021-07-21,0.0,0.32787712545743575
2021-07-22,0.0,0.32787712545743575
2021-07-23,0.0,0.32787712545743575
2021-07-24,0.0,0.32787712545743575
2021-07-25,-0.07945011880777986,0.3018272488854891
2021-07-26,0.0,0.3018272488854891
2021-07-27,0.0,0.3018272488854891
2021-07-28,-0.10730592686680512,0.2694393961901739
2021-07-29,0.0,0.2694393961901739
2021-07-30,0.023391273975471416,0.27574192692624383
2021-07-31,0.0,0.27574192692624383
2021-08-01,0.0,0.27574192692624383
2021-08-02,0.0,0.27574192692624383
2021-08-03,0.03737864772247618,0.28604878727513666
2021-08-04,0.0,0.28604878727513666
2021-08-05,0.0,0.28604878727513666
2021-08-06,0.0,0.28604878727513666
2021-08-07,0.0,0.28604878727513666
2021-08-08,0.0,0.28604878727513666
2021-08-09,0.0,0.28604878727513666
2021-08-10,0.0,0.28604878727513666
2021-08-11,0.0,0.28604878727513666
2021-08-12,0.0,0.28604878727513666
2021-08-13,0.0,0.28604878727513666
2021-08-14,0.0,0.28604878727513666
2021-08-15,0.0,0.28604878727513666
2021-08-16,0.0,0.28604878727513666
2021-08-17,0.0,0.28604878727513666
2021-08-18,0.0,0.28604878727513666
2021-08-19,0.0,0.28604878727513666
2021-08-20,0.0,0.28604878727513666
2021-08-21,0.0,0.28604878727513666
2021-08-22,0.0,0.28604878727513666
2021-08-23,0.0,0.28604878727513666
2021-08-24,0.0,0.28604878727513666
2021-08-25,0.0,0.28604878727513666
2021-08-26,0.0,0.28604878727513666
2021-08-27,0.0,0.28604878727513666
2021-08-28,0.0,0.28604878727513666
2021-08-29,0.0,0.28604878727513666
2021-08-30,0.0,0.28604878727513666
2021-08-31,0.0,0.28604878727513666
2021-09-01,0.0,0.28604878727513666
2021-09-02,0.0,0.28604878727513666
2021-09-03,0.0,0.28604878727513666
2021-09-04,0.0,0.28604878727513666
2021-09-05,0.0,0.28604878727513666
2021-09-06,0.0,0.28604878727513666
2021-09-07,0.0,0.28604878727513666
2021-09-08,0.0,0.28604878727513666
2021-09-09,0.0,0.28604878727513666
2021-09-10,0.0,0.28604878727513666
2021-09-11,0.0,0.28604878727513666
2021-09-12,0.0,0.28604878727513666
2021-09-13,0.0,0.28604878727513666
2021-09-14,0.0,0.28604878727513666
2021-09-15,0.0,0.28604878727513666
2021-09-16,0.0,0.28604878727513666
2021-09-17,0.0,0.28604878727513666
2021-09-18,0.0,0.28604878727513666
2021-09-19,0.0,0.28604878727513666
2021-09-20,0.0,0.28604878727513666
2021-09-21,0.0,0.28604878727513666
2021-09-22,0.0,0.28604878727513666
2021-09-23,0.0,0.28604878727513666
2021-09-24,0.0,0.28604878727513666
2021-09-25,0.0,0.28604878727513666
2021-09-26,0.0,0.28604878727513666
2021-09-27,0.0,0.28604878727513666
2021-09-28,0.0,0.28604878727513666
2021-09-29,0.0,0.28604878727513666
2021-09-30,0.0,0.28604878727513666
2021-10-01,0.020046438970908576,0.2917830468319501
2021-10-02,0.0,0.2917830468319501
2021-10-03,0.0,0.2917830468319501
2021-10-04,0.0,0.2917830468319501
2021-10-05,0.0,0.2917830468319501
2021-10-06,0.03907742455004154,0.3031851768295069
2021-10-07,0.0,0.3031851768295069
2021-10-08,0.0,0.3031851768295069
2021-10-09,0.0550543933777467,0.3198768528209803
2021-10-10,0.0,0.3198768528209803
2021-10-11,0.0,0.3198768528209803
2021-10-12,0.0,0.3198768528209803
2021-10-13,0.0,0.3198768528209803
2021-10-14,0.0,0.3198768528209803
2021-10-15,0.0,0.3198768528209803
2021-10-16,0.0,0.3198768528209803
2021-10-17,0.0,0.3198768528209803
2021-10-18,0.0,0.3198768528209803
2021-10-19,0.0,0.3198768528209803
2021-10-20,0.0,0.3198768528209803
2021-10-21,0.0,0.3198768528209803
2021-10-22,0.0,0.3198768528209803
2021-10-23,0.0,0.3198768528209803
2021-10-24,0.0,0.3198768528209803
2021-10-25,0.0,0.3198768528209803
2021-10-26,0.0,0.3198768528209803
2021-10-27,0.0,0.3198768528209803
2021-10-28,0.0,0.3198768528209803
2021-10-29,0.0,0.3198768528209803
2021-10-30,0.0,0.3198768528209803
2021-10-31,0.0,0.3198768528209803
2021-11-01,0.0,0.3198768528209803
2021-11-02,0.0,0.3198768528209803
2021-11-03,0.04067171778891199,0.3328867939061205
2021-11-04,0.0,0.3328867939061205
2021-11-05,0.0,0.3328867939061205
2021-11-06,0.0,0.3328867939061205
2021-11-07,0.0,0.3328867939061205
2021-11-08,0.0,0.3328867939061205
2021-11-09,0.011428199263660788,0.33669109051912083
2021-11-10,0.0,0.33669109051912083
2021-11-11,0.0,0.33669109051912083
2021-11-12,0.0,0.33669109051912083
2021-11-13,0.0,0.33669109051912083
2021-11-14,0.0,0.33669109051912083
2021-11-15,0.0,0.33669109051912083
2021-11-16,0.0,0.33669109051912083
2021-11-17,0.0,0.33669109051912083
2021-11-18,0.0,0.33669109051912083
2021-11-19,0.0,0.33669109051912083
2021-11-20,0.0,0.33669109051912083
2021-11-21,0.0,0.33669109051912083
2021-11-22,0.0,0.33669109051912083
2021-11-23,0.0,0.33669109051912083
2021-11-24,0.0,0.33669109051912083
2021-11-25,0.0,0.33669109051912083
2021-11-26,0.0,0.33669109051912083
2021-11-27,0.0,0.33669109051912083
2021-11-28,0.0,0.33669109051912083
2021-11-29,0.0,0.33669109051912083
2021-11-30,0.03851654655558656,0.34965926858195173
2021-12-01,0.0,0.34965926858195173
2021-12-02,0.0,0.34965926858195173
2021-12-03,0.0,0.34965926858195173
2021-12-04,0.0,0.34965926858195173
2021-12-05,0.0,0.34965926858195173
2021-12-06,0.0,0.34965926858195173
2021-12-07,0.0,0.34965926858195173
2021-12-08,0.0,0.34965926858195173
2021-12-09,0.0,0.34965926858195173
2021-12-10,0.0,0.34965926858195173
2021-12-11,0.0,0.34965926858195173
2021-12-12,0.0,0.34965926858195173
2021-12-13,0.0,0.34965926858195173
2021-12-14,0.0,0.34965926858195173
2021-12-15,0.0,0.34965926858195173
2021-12-16,0.0,0.34965926858195173
2021-12-17,0.0,0.34965926858195173
2021-12-18,0.0,0.34965926858195173
2021-12-19,0.0,0.34965926858195173
2021-12-20,0.0,0.34965926858195173
2021-12-21,0.0,0.34965926858195173
2021-12-22,0.0,0.34965926858195173
2021-12-23,-0.01650007378239629,0.3438898648516508
2021-12-24,0.0,0.3438898648516508
2021-12-25,0.0,0.3438898648516508
2021-12-26,0.0,0.3438898648516508
2021-12-27,-0.052199713127856845,0.32593891255881713
2021-12-28,0.0,0.32593891255881713
2021-12-29,0.0,0.32593891255881713
2021-12-30,0.0,0.32593891255881713
2021-12-31,0.0,0.32593891255881713
2022-01-01,0.0,0.32593891255881713
2022-01-02,0.0,0.32593891255881713
2022-01-03,0.0,0.32593891255881713
2022-01-04,0.0,0.32593891255881713
2022-01-05,0.0,0.32593891255881713
2022-01-06,0.0,0.32593891255881713
2022-01-07,0.0,0.32593891255881713
2022-01-08,0.0,0.32593891255881713
2022-01-09,0.0,0.32593891255881713
2022-01-10,0.0,0.32593891255881713
2022-01-11,0.0,0.32593891255881713
2022-01-12,0.0,0.32593891255881713
2022-01-13,0.0,0.32593891255881713
2022-01-14,0.0,0.32593891255881713
2022-01-15,0.0,0.32593891255881713
2022-01-16,0.0,0.32593891255881713
2022-01-17,0.07807695419970867,0.35138723010657474
2022-01-18,0.0,0.35138723010657474
2022-01-19,0.0,0.35138723010657474
2022-01-20,0.0,0.35138723010657474
2022-01-21,0.0,0.35138723010657474
2022-01-22,0.0,0.35138723010657474
2022-01-23,0.0,0.35138723010657474
2022-01-24,0.0,0.35138723010657474
2022-01-25,0.0,0.35138723010657474
2022-01-26,0.0,0.35138723010657474
2022-01-27,0.0,0.35138723010657474
2022-01-28,0.0,0.35138723010657474
2022-01-29,0.0,0.35138723010657474
2022-01-30,0.0,0.35138723010657474
2022-01-31,0.0,0.35138723010657474
2022-02-01,0.0,0.35138723010657474
2022-02-02,0.0,0.35138723010657474
2022-02-03,0.0,0.35138723010657474
2022-02-04,0.0,0.35138723010657474
2022-02-05,0.0,0.35138723010657474
2022-02-06,-0.06757273997698615,0.3276430321753498
2022-02-07,0.015949775840988223,0.33286886509440833
2022-02-08,0.0,0.33286886509440833
2022-02-09,-0.03117329076138567,0.3224922471774079
2022-02-10,0.0,0.3224922471774079
2022-02-11,0.0,0.3224922471774079
2022-02-12,0.0,0.3224922471774079
2022-02-13,0.0,0.3224922471774079
2022-02-14,0.0,0.3224922471774079
2022-02-15,0.0,0.3224922471774079
2022-02-16,0.0,0.3224922471774079
2022-02-17,0.0,0.3224922471774079
2022-02-18,0.0,0.3224922471774079
2022-02-19,0.0,0.3224922471774079
2022-02-20,0.0,0.3224922471774079
2022-02-21,0.0,0.3224922471774079
2022-02-22,0.0,0.3224922471774079
2022-02-23,0.0,0.3224922471774079
2022-02-24,0.0,0.3224922471774079
2022-02-25,0.0,0.3224922471774079
2022-02-26,0.0,0.3224922471774079
2022-02-27,0.0,0.3224922471774079
2022-02-28,0.0,0.3224922471774079
2022-03-01,0.0,0.3224922471774079
2022-03-02,0.0,0.3224922471774079
2022-03-03,0.0,0.3224922471774079
2022-03-04,0.0,0.3224922471774079
2022-03-05,0.0,0.3224922471774079
2022-03-06,0.0,0.3224922471774079
2022-03-07,0.0,0.3224922471774079
2022-03-08,0.0,0.3224922471774079
2022-03-09,0.0,0.3224922471774079
2022-03-10,0.0,0.3224922471774079
2022-03-11,0.0,0.3224922471774079
2022-03-12,0.0,0.3224922471774079
2022-03-13,0.0,0.3224922471774079
2022-03-14,0.0,0.3224922471774079
2022-03-15,0.0,0.3224922471774079
2022-03-16,0.0,0.3224922471774079
2022-03-17,0.0,0.3224922471774079
2022-03-18,0.0,0.3224922471774079
2022-03-19,0.0,0.3224922471774079
2022-03-20,0.0,0.3224922471774079
2022-03-21,0.0,0.3224922471774079
2022-03-22,0.024677539148237337,0.3304505622321314
2022-03-23,0.0,0.3304505622321314
2022-03-24,0.04017909176147155,0.34372776569468605
2022-03-25,0.0,0.34372776569468605
2022-03-26,0.0,0.34372776569468605
2022-03-27,0.0,0.34372776569468605
2022-03-28,0.0,0.34372776569468605
2022-03-29,0.0,0.34372776569468605
2022-03-30,0.0,0.34372776569468605
2022-03-31,0.0,0.34372776569468605
2022-04-01,0.0,0.34372776569468605
2022-04-02,0.0,0.34372776569468605
2022-04-03,0.0,0.34372776569468605
2022-04-04,0.0,0.34372776569468605
2022-04-05,0.0,0.34372776569468605
2022-04-06,0.0,0.34372776569468605
2022-04-07,0.0,0.34372776569468605
2022-04-08,0.0,0.34372776569468605
2022-04-09,0.0,0.34372776569468605
2022-04-10,0.0,0.34372776569468605
2022-04-11,0.0,0.34372776569468605
2022-04-12,0.0,0.34372776569468605
2022-04-13,0.0,0.34372776569468605
2022-04-14,0.0,0.34372776569468605
2022-04-15,0.0,0.34372776569468605
2022-04-16,0.0,0.34372776569468605
2022-04-17,0.0,0.34372776569468605
2022-04-18,0.0,0.34372776569468605
2022-04-19,0.0,0.34372776569468605
2022-04-20,0.0,0.34372776569468605
2022-04-21,0.0,0.34372776569468605
2022-04-22,0.0,0.34372776569468605
2022-04-23,0.0,0.34372776569468605
2022-04-24,0.0,0.34372776569468605
2022-04-25,0.0,0.34372776569468605
2022-04-26,0.0,0.34372776569468605
2022-04-27,0.0,0.34372776569468605
2022-04-28,0.0,0.34372776569468605
2022-04-29,0.0,0.34372776569468605
2022-04-30,0.0,0.34372776569468605
2022-05-01,0.0,0.34372776569468605
2022-05-02,0.0,0.34372776569468605
2022-05-03,0.0,0.34372776569468605
2022-05-04,0.0,0.34372776569468605
2022-05-05,0.0,0.34372776569468605
2022-05-06,0.0,0.34372776569468605
2022-05-07,0.0,0.34372776569468605
2022-05-08,0.0,0.34372776569468605
2022-05-09,0.0,0.34372776569468605
2022-05-10,0.0,0.34372776569468605
2022-05-11,0.0,0.34372776569468605
2022-05-12,0.0,0.34372776569468605
2022-05-13,0.0,0.34372776569468605
2022-05-14,0.0,0.34372776569468605
2022-05-15,0.0,0.34372776569468605
2022-05-16,0.0,0.34372776569468605
2022-05-17,0.0,0.34372776569468605
2022-05-18,0.0,0.34372776569468605
2022-05-19,0.0,0.34372776569468605
2022-05-20,0.0,0.34372776569468605
2022-05-21,0.0,0.34372776569468605
2022-05-22,0.0,0.34372776569468605
2022-05-23,0.0,0.34372776569468605
2022-05-24,0.0,0.34372776569468605
2022-05-25,0.0,0.34372776569468605
2022-05-26,0.0,0.34372776569468605
2022-05-27,0.0,0.34372776569468605
2022-05-28,0.0,0.34372776569468605
2022-05-29,0.0,0.34372776569468605
2022-05-30,0.0,0.34372776569468605
2022-05-31,0.0,0.34372776569468605
2022-06-01,0.0,0.34372776569468605
2022-06-02,0.0,0.34372776569468605
2022-06-03,0.0,0.34372776569468605
2022-06-04,0.0,0.34372776569468605
2022-06-05,0.0,0.34372776569468605
2022-06-06,0.0,0.34372776569468605
2022-06-07,0.0,0.34372776569468605
2022-06-08,0.0,0.34372776569468605
2022-06-09,0.0,0.34372776569468605
2022-06-10,0.0,0.34372776569468605
2022-06-11,0.0,0.34372776569468605
2022-06-12,0.0,0.34372776569468605
2022-06-13,0.0,0.34372776569468605
2022-06-14,0.0,0.34372776569468605
2022-06-15,0.0,0.34372776569468605
2022-06-16,0.0,0.34372776569468605
2022-06-17,0.0,0.34372776569468605
2022-06-18,0.0,0.34372776569468605
2022-06-19,0.0,0.34372776569468605
2022-06-20,0.0,0.34372776569468605
2022-06-21,0.0,0.34372776569468605
2022-06-22,0.0,0.34372776569468605
2022-06-23,0.0,0.34372776569468605
2022-06-24,0.0,0.34372776569468605
2022-06-25,0.0,0.34372776569468605
2022-06-26,0.0,0.34372776569468605
2022-06-27,0.0,0.34372776569468605
2022-06-28,0.0,0.34372776569468605
2022-06-29,0.0,0.34372776569468605
2022-06-30,0.0,0.34372776569468605
2022-07-01,0.0,0.34372776569468605
2022-07-02,0.0,0.34372776569468605
2022-07-03,0.0,0.34372776569468605
2022-07-04,0.0,0.34372776569468605
2022-07-05,0.0,0.34372776569468605
2022-07-06,0.0,0.34372776569468605
2022-07-07,-0.11012605159311747,0.305874384035806
2022-07-08,0.0,0.305874384035806
2022-07-09,0.0,0.305874384035806
2022-07-10,0.0,0.305874384035806
2022-07-11,0.0,0.305874384035806
2022-07-12,0.0,0.305874384035806
2022-07-13,0.0,0.305874384035806
2022-07-14,0.0,0.305874384035806
2022-07-15,-0.14242531930297664,0.26231012722290503
2022-07-16,0.0,0.26231012722290503
2022-07-17,0.0,0.26231012722290503
2022-07-18,-0.2365553930768752,0.20025925196964559
2022-07-19,0.0,0.20025925196964559
2022-07-20,0.0,0.20025925196964559
2022-07-21,0.0,0.20025925196964559
2022-07-22,0.0,0.20025925196964559
2022-07-23,0.0,0.20025925196964559
2022-07-24,0.0,0.20025925196964559
2022-07-25,0.0,0.20025925196964559
2022-07-26,0.0,0.20025925196964559
2022-07-27,0.0,0.20025925196964559
2022-07-28,0.0,0.20025925196964559
2022-07-29,0.0,0.20025925196964559
2022-07-30,0.0,0.20025925196964559
2022-07-31,0.0,0.20025925196964559
2022-08-01,0.0,0.20025925196964559
2022-08-02,0.0,0.20025925196964559
2022-08-03,0.0,0.20025925196964559
2022-08-04,0.0,0.20025925196964559
2022-08-05,0.0,0.20025925196964559
2022-08-06,0.0,0.20025925196964559
2022-08-07,0.0,0.20025925196964559
2022-08-08,0.0,0.20025925196964559
2022-08-09,0.0,0.20025925196964559
2022-08-10,0.0,0.20025925196964559
2022-08-11,0.0,0.20025925196964559
2022-08-12,0.0,0.20025925196964559
2022-08-13,0.0,0.20025925196964559
2022-08-14,0.0,0.20025925196964559
2022-08-15,0.0,0.20025925196964559
2022-08-16,0.0,0.20025925196964559
2022-08-17,0.0,0.20025925196964559
2022-08-18,0.0,0.20025925196964559
2022-08-19,0.0,0.20025925196964559
2022-08-20,0.0,0.20025925196964559
2022-08-21,0.0,0.20025925196964559
2022-08-22,0.0,0.20025925196964559
2022-08-23,0.0,0.20025925196964559
2022-08-24,0.0,0.20025925196964559
2022-08-25,0.0,0.20025925196964559
2022-08-26,0.0,0.20025925196964559
2022-08-27,0.0,0.20025925196964559
2022-08-28,0.0,0.20025925196964559
2022-08-29,0.0,0.20025925196964559
2022-08-30,0.0,0.20025925196964559
2022-08-31,0.0,0.20025925196964559
2022-09-01,0.0,0.20025925196964559
2022-09-02,0.0,0.20025925196964559
2022-09-03,0.0,0.20025925196964559
2022-09-04,0.0,0.20025925196964559
2022-09-05,0.0,0.20025925196964559
2022-09-06,0.0,0.20025925196964559
2022-09-07,0.0,0.20025925196964559
2022-09-08,0.0,0.20025925196964559
2022-09-09,0.035948792172392774,0.20745833019930124
2022-09-10,0.03324984335536052,0.21435628718119265
2022-09-11,0.0,0.21435628718119265
2022-09-12,0.0,0.21435628718119265
2022-09-13,0.0,0.21435628718119265
2022-09-14,0.0,0.21435628718119265
2022-09-15,0.0,0.21435628718119265
2022-09-16,0.020654343486939175,0.218783675565218
2022-09-17,0.0,0.218783675565218
2022-09-18,0.0,0.218783675565218
2022-09-19,0.0,0.218783675565218
2022-09-20,0.0,0.218783675565218
2022-09-21,0.0,0.218783675565218
2022-09-22,0.0,0.218783675565218
2022-09-23,0.0,0.218783675565218
2022-09-24,0.0,0.218783675565218
2022-09-25,0.0,0.218783675565218
2022-09-26,0.0,0.218783675565218
2022-09-27,0.0,0.218783675565218
2022-09-28,0.0,0.218783675565218
2022-09-29,0.0,0.218783675565218
2022-09-30,0.0,0.218783675565218
2022-10-01,0.0,0.218783675565218
2022-10-02,0.0,0.218783675565218
2022-10-03,0.0,0.218783675565218
2022-10-04,0.02191490859565065,0.22357829981745025
2022-10-05,0.0,0.22357829981745025
2022-10-06,0.0,0.22357829981745025
2022-10-07,0.0,0.22357829981745025
2022-10-08,0.0,0.22357829981745025
2022-10-09,0.0,0.22357829981745025
2022-10-10,0.0,0.22357829981745025
2022-10-11,0.0,0.22357829981745025
2022-10-12,0.0,0.22357829981745025
2022-10-13,0.0,0.22357829981745025
2022-10-14,0.0,0.22357829981745025
2022-10-15,0.0,0.22357829981745025
2022-10-16,0.0,0.22357829981745025
2022-10-17,0.0,0.22357829981745025
2022-10-18,0.0,0.22357829981745025
2022-10-19,0.0,0.22357829981745025
2022-10-20,0.0,0.22357829981745025
2022-10-21,0.0,0.22357829981745025
2022-10-22,0.0,0.22357829981745025
2022-10-23,0.006900552582384811,0.22512111363162077
2022-10-24,0.0,0.22512111363162077
2022-10-25,0.0,0.22512111363162077
2022-10-26,0.0,0.22512111363162077
2022-10-27,0.0,0.22512111363162077
2022-10-28,0.0,0.22512111363162077
2022-10-29,0.0,0.22512111363162077
2022-10-30,0.0,0.22512111363162077
2022-10-31,0.0,0.22512111363162077
2022-11-01,0.0,0.22512111363162077
2022-11-02,0.0,0.22512111363162077
2022-11-03,0.0,0.22512111363162077
2022-11-04,0.021814290673311754,0.23003197104108056
2022-11-05,0.0,0.23003197104108056
2022-11-06,0.0,0.23003197104108056
2022-11-07,0.0,0.23003197104108056
2022-11-08,0.0,0.23003197104108056
2022-11-09,0.0,0.23003197104108056
2022-11-10,0.0,0.23003197104108056
2022-11-11,0.0,0.23003197104108056
2022-11-12,0.0,0.23003197104108056
2022-11-13,0.0,0.23003197104108056
2022-11-14,0.0,0.23003197104108056
2022-11-15,0.0,0.23003197104108056
2022-11-16,0.0,0.23003197104108056
2022-11-17,0.0,0.23003197104108056
2022-11-18,0.0,0.23003197104108056
2022-11-19,0.0,0.23003197104108056
2022-11-20,0.0,0.23003197104108056
2022-11-21,0.0,0.23003197104108056
2022-11-22,0.0,0.23003197104108056
2022-11-23,0.0,0.23003197104108056
2022-11-24,0.0,0.23003197104108056
2022-11-25,0.0,0.23003197104108056
2022-11-26,0.0,0.23003197104108056
2022-11-27,0.0,0.23003197104108056
2022-11-28,0.0,0.23003197104108056
2022-11-29,0.0,0.23003197104108056
2022-11-30,0.0,0.23003197104108056
2022-12-01,0.0,0.23003197104108056
2022-12-02,0.0,0.23003197104108056
2022-12-03,0.0,0.23003197104108056
2022-12-04,0.0,0.23003197104108056
2022-12-05,0.0,0.23003197104108056
2022-12-06,0.0,0.23003197104108056
2022-12-07,0.0,0.23003197104108056
2022-12-08,0.0,0.23003197104108056
2022-12-09,0.0,0.23003197104108056
2022-12-10,0.0,0.23003197104108056
2022-12-11,0.0,0.23003197104108056
2022-12-12,0.0,0.23003197104108056
2022-12-13,-0.03359717712792051,0.22230354616492867
2022-12-14,0.0,0.22230354616492867
2022-12-15,0.0,0.22230354616492867
2022-12-16,0.0,0.22230354616492867
2022-12-17,0.0,0.22230354616492867
2022-12-18,0.0,0.22230354616492867
2022-12-19,0.0,0.22230354616492867
2022-12-20,0.0,0.22230354616492867
2022-12-21,0.0,0.22230354616492867
2022-12-22,0.0,0.22230354616492867
2022-12-23,0.0,0.22230354616492867
2022-12-24,0.0,0.22230354616492867
2022-12-25,0.0,0.22230354616492867
2022-12-26,0.0,0.22230354616492867
2022-12-27,0.0,0.22230354616492867
2022-12-28,0.0,0.22230354616492867
2022-12-29,0.0,0.22230354616492867
2022-12-30,0.0,0.22230354616492867
2022-12-31,0.0,0.22230354616492867
2023-01-01,0.0,0.22230354616492867
2023-01-02,0.0,0.22230354616492867
2023-01-03,0.0,0.22230354616492867
2023-01-04,0.0,0.22230354616492867
2023-01-05,0.0,0.22230354616492867
2023-01-06,-0.10608561903895855,0.19872033685546653
2023-01-07,0.0,0.19872033685546653
2023-01-08,0.0,0.19872033685546653
2023-01-09,0.0,0.19872033685546653
2023-01-10,-0.004724808103241579,0.19778142139761293
2023-01-11,0.0,0.19778142139761293
2023-01-12,0.0,0.19778142139761293
2023-01-13,-0.044989780302174404,0.18888327870108254
2023-01-14,0.0,0.18888327870108254
2023-01-15,0.0,0.18888327870108254
2023-01-16,0.0,0.18888327870108254
2023-01-17,0.0,0.18888327870108254
2023-01-18,0.0,0.18888327870108254
2023-01-19,0.0,0.18888327870108254
2023-01-20,0.0,0.18888327870108254
2023-01-21,0.0,0.18888327870108254
2023-01-22,0.0,0.18888327870108254
2023-01-23,0.0,0.18888327870108254
2023-01-24,0.0,0.18888327870108254
2023-01-25,0.0,0.18888327870108254
2023-01-26,0.0,0.18888327870108254
2023-01-27,0.0,0.18888327870108254
2023-01-28,0.0,0.18888327870108254
2023-01-29,0.0,0.18888327870108254
2023-01-30,0.0,0.18888327870108254
2023-01-31,0.0,0.18888327870108254
2023-02-01,0.0,0.18888327870108254
2023-02-02,0.0,0.18888327870108254
2023-02-03,0.0,0.18888327870108254
2023-02-04,0.0,0.18888327870108254
2023-02-05,0.0,0.18888327870108254
2023-02-06,0.0,0.18888327870108254
2023-02-07,0.0,0.18888327870108254
2023-02-08,0.0,0.18888327870108254
2023-02-09,0.0,0.18888327870108254
2023-02-10,0.0,0.18888327870108254
2023-02-11,0.0,0.18888327870108254
2023-02-12,0.0,0.18888327870108254
2023-02-13,0.0,0.18888327870108254
2023-02-14,0.0,0.18888327870108254
2023-02-15,0.02615136015309355,0.1938228333492917
2023-02-16,0.0,0.1938228333492917
2023-02-17,0.0,0.1938228333492917
2023-02-18,0.0,0.1938228333492917
2023-02-19,0.0,0.1938228333492917
2023-02-20,0.0,0.1938228333492917
2023-02-21,0.0,0.1938228333492917
2023-02-22,0.0,0.1938228333492917
2023-02-23,0.0,0.1938228333492917
2023-02-24,0.0,0.1938228333492917
2023-02-25,0.0,0.1938228333492917
2023-02-26,0.0,0.1938228333492917
2023-02-27,0.0,0.1938228333492917
2023-02-28,0.0,0.1938228333492917
2023-03-01,0.0,0.1938228333492917
2023-03-02,0.0,0.1938228333492917
2023-03-03,0.0,0.1938228333492917
2023-03-04,0.0,0.1938228333492917
2023-03-05,0.0,0.1938228333492917
2023-03-06,0.0,0.1938228333492917
2023-03-07,0.0,0.1938228333492917
2023-03-08,0.015909538946797752,0.19690646526524097
2023-03-09,0.0,0.19690646526524097
2023-03-10,0.0,0.19690646526524097
2023-03-11,0.0,0.19690646526524097
2023-03-12,0.0,0.19690646526524097
2023-03-13,0.017221654252470686,0.20029752033011505
2023-03-14,0.028747023060999966,0.20605547776610597
2023-03-15,0.0,0.20605547776610597
2023-03-16,0.0,0.20605547776610597
2023-03-17,0.0,0.20605547776610597
2023-03-18,0.0,0.20605547776610597
2023-03-19,0.0,0.20605547776610597
2023-03-20,0.0,0.20605547776610597
2023-03-21,0.0164758202892461,0.20945041078739507
2023-03-22,0.0,0.20945041078739507
2023-03-23,0.0,0.20945041078739507
2023-03-24,0.0,0.20945041078739507
2023-03-25,0.0,0.20945041078739507
2023-03-26,0.0,0.20945041078739507
2023-03-27,0.0,0.20945041078739507
2023-03-28,0.0,0.20945041078739507
2023-03-29,0.0,0.20945041078739507
2023-03-30,0.0,0.20945041078739507
2023-03-31,0.0,0.20945041078739507
2023-04-01,0.0,0.20945041078739507
2023-04-02,0.0,0.20945041078739507
2023-04-03,0.0,0.20945041078739507
2023-04-04,0.0,0.20945041078739507
2023-04-05,0.0,0.20945041078739507
2023-04-06,0.0,0.20945041078739507
2023-04-07,0.0,0.20945041078739507
2023-04-08,0.0,0.20945041078739507
2023-04-09,0.0,0.20945041078739507
2023-04-10,0.0,0.20945041078739507
2023-04-11,0.0,0.20945041078739507
2023-04-12,0.0,0.20945041078739507
2023-04-13,0.0,0.20945041078739507
2023-04-14,0.0,0.20945041078739507
2023-04-15,0.0,0.20945041078739507
2023-04-16,0.0,0.20945041078739507
2023-04-17,0.0,0.20945041078739507
2023-04-18,0.0,0.20945041078739507
2023-04-19,0.0,0.20945041078739507
2023-04-20,0.0,0.20945041078739507
2023-04-21,0.0,0.20945041078739507
2023-04-22,0.0,0.20945041078739507
2023-04-23,0.0,0.20945041078739507
2023-04-24,0.0,0.20945041078739507
2023-04-25,0.0,0.20945041078739507
2023-04-26,0.0,0.20945041078739507
2023-04-27,0.0,0.20945041078739507
2023-04-28,0.0,0.20945041078739507
2023-04-29,0.0,0.20945041078739507
2023-04-30,0.0,0.20945041078739507
2023-05-01,0.0,0.20945041078739507
2023-05-02,0.0,0.20945041078739507
2023-05-03,0.0,0.20945041078739507
2023-05-04,0.0,0.20945041078739507
2023-05-05,0.0,0.20945041078739507
2023-05-06,0.0,0.20945041078739507
2023-05-07,0.0,0.20945041078739507
2023-05-08,0.0,0.20945041078739507
2023-05-09,0.0,0.20945041078739507
2023-05-10,0.0,0.20945041078739507
2023-05-11,0.0,0.20945041078739507
2023-05-12,0.0,0.20945041078739507
2023-05-13,0.0,0.20945041078739507
2023-05-14,0.0,0.20945041078739507
2023-05-15,0.0,0.20945041078739507
2023-05-16,0.0,0.20945041078739507
2023-05-17,0.0,0.20945041078739507
2023-05-18,0.0,0.20945041078739507
2023-05-19,0.0,0.20945041078739507
2023-05-20,-0.009768365260291068,0.20740442267090578
2023-05-21,0.0,0.20740442267090578
2023-05-22,0.0,0.20740442267090578
2023-05-23,0.0,0.20740442267090578
2023-05-24,0.0,0.20740442267090578
2023-05-25,0.0,0.20740442267090578
2023-05-26,0.0,0.20740442267090578
2023-05-27,0.0,0.20740442267090578
2023-05-28,0.011429272090975634,0.20977490425048329
2023-05-29,0.0,0.20977490425048329
2023-05-30,0.0,0.20977490425048329
2023-05-31,0.0,0.20977490425048329
2023-06-01,0.0,0.20977490425048329
2023-06-02,0.0,0.20977490425048329
2023-06-03,0.0,0.20977490425048329
2023-06-04,0.0,0.20977490425048329
2023-06-05,0.0,0.20977490425048329
2023-06-06,0.0,0.20977490425048329
2023-06-07,0.0,0.20977490425048329
2023-06-08,0.0,0.20977490425048329
2023-06-09,0.0,0.20977490425048329
2023-06-10,0.0,0.20977490425048329
2023-06-11,0.0,0.20977490425048329
2023-06-12,0.0,0.20977490425048329
2023-06-13,0.0,0.20977490425048329
2023-06-14,0.0,0.20977490425048329
2023-06-15,0.0,0.20977490425048329
2023-06-16,0.0,0.20977490425048329
2023-06-17,0.0,0.20977490425048329
2023-06-18,0.0,0.20977490425048329
2023-06-19,0.0,0.20977490425048329
2023-06-20,0.0031752138181737055,0.21044098442516548
2023-06-21,0.0,0.21044098442516548
2023-06-22,0.0,0.21044098442516548
2023-06-23,0.008801163207966811,0.21229310987473657
2023-06-24,0.0,0.21229310987473657
2023-06-25,0.0,0.21229310987473657
2023-06-26,0.0,0.21229310987473657
2023-06-27,0.0,0.21229310987473657
2023-06-28,0.0,0.21229310987473657
2023-06-29,0.0,0.21229310987473657
2023-06-30,0.0,0.21229310987473657
2023-07-01,0.0,0.21229310987473657
2023-07-02,0.0,0.21229310987473657
2023-07-03,0.0,0.21229310987473657
2023-07-04,0.0,0.21229310987473657
2023-07-05,0.0,0.21229310987473657
2023-07-06,0.0,0.21229310987473657
2023-07-07,0.0,0.21229310987473657
2023-07-08,0.0,0.21229310987473657
2023-07-09,0.0,0.21229310987473657
2023-07-10,0.0,0.21229310987473657
2023-07-11,0.0,0.21229310987473657
2023-07-12,0.0,0.21229310987473657
2023-07-13,-0.008430899395239388,0.2105032880230802
2023-07-14,0.0,0.2105032880230802
2023-07-15,0.0,0.2105032880230802
2023-07-16,0.0,0.2105032880230802
2023-07-17,0.0,0.2105032880230802
2023-07-18,0.0,0.2105032880230802
2023-07-19,0.0,0.2105032880230802
2023-07-20,0.0,0.2105032880230802
2023-07-21,0.0,0.2105032880230802
2023-07-22,0.0,0.2105032880230802
2023-07-23,0.0,0.2105032880230802
2023-07-24,0.0,0.2105032880230802
2023-07-25,0.0,0.2105032880230802
2023-07-26,0.0,0.2105032880230802
2023-07-27,0.0,0.2105032880230802
2023-07-28,0.0,0.2105032880230802
2023-07-29,0.0,0.2105032880230802
2023-07-30,0.0,0.2105032880230802
2023-07-31,0.0,0.2105032880230802
2023-08-01,0.0,0.2105032880230802
2023-08-02,0.0,0.2105032880230802
2023-08-03,0.0,0.2105032880230802
2023-08-04,-0.004819788439084177,0.20948870670907735
2023-08-05,0.0,0.20948870670907735
2023-08-06,0.0,0.20948870670907735
2023-08-07,0.0,0.20948870670907735
2023-08-08,-0.0004898366532241627,0.2093860914620947
2023-08-09,0.0,0.2093860914620947
2023-08-10,0.0,0.2093860914620947
2023-08-11,0.0,0.2093860914620947
2023-08-12,0.0,0.2093860914620947
2023-08-13,0.0,0.2093860914620947
2023-08-14,0.0,0.2093860914620947
2023-08-15,0.0,0.2093860914620947
2023-08-16,0.0,0.2093860914620947
2023-08-17,0.0,0.2093860914620947
2023-08-18,0.0,0.2093860914620947
2023-08-19,0.0,0.2093860914620947
2023-08-20,0.0,0.2093860914620947
2023-08-21,0.0,0.2093860914620947
2023-08-22,0.0,0.2093860914620947
2023-08-23,0.0,0.2093860914620947
2023-08-24,0.0,0.2093860914620947
2023-08-25,0.0,0.2093860914620947
2023-08-26,0.0,0.2093860914620947
2023-08-27,0.0,0.2093860914620947
2023-08-28,0.0,0.2093860914620947
2023-08-29,0.0,0.2093860914620947
2023-08-30,0.0,0.2093860914620947
2023-08-31,0.0,0.2093860914620947
2023-09-01,0.0,0.2093860914620947
2023-09-02,0.0,0.2093860914620947
2023-09-03,0.0,0.2093860914620947
2023-09-04,0.0,0.2093860914620947
2023-09-05,0.0,0.2093860914620947
2023-09-06,0.0,0.2093860914620947
2023-09-07,0.0,0.2093860914620947
2023-09-08,0.0,0.2093860914620947
2023-09-09,0.0,0.2093860914620947
2023-09-10,0.0,0.2093860914620947
2023-09-11,0.0,0.2093860914620947
2023-09-12,0.0,0.2093860914620947
2023-09-13,0.0,0.2093860914620947
2023-09-14,0.0,0.2093860914620947
2023-09-15,0.0,0.2093860914620947
2023-09-16,0.0,0.2093860914620947
2023-09-17,0.0,0.2093860914620947
2023-09-18,0.0,0.2093860914620947
2023-09-19,0.0,0.2093860914620947
2023-09-20,0.0,0.2093860914620947
2023-09-21,0.0,0.2093860914620947
2023-09-22,-0.05211194583310444,0.19847457480561656
2023-09-23,0.0,0.19847457480561656
2023-09-24,0.0,0.19847457480561656
2023-09-25,0.0,0.19847457480561656
2023-09-26,0.0,0.19847457480561656
2023-09-27,0.0,0.19847457480561656
2023-09-28,-0.009483813454837148,0.19659227896263196
2023-09-29,0.0,0.19659227896263196
2023-09-30,-0.027515099670788273,0.19118302281246774
2023-10-01,0.0,0.19118302281246774
2023-10-02,0.0,0.19118302281246774
2023-10-03,0.0,0.19118302281246774
2023-10-04,0.0,0.19118302281246774
2023-10-05,0.0,0.19118302281246774
2023-10-06,0.0,0.19118302281246774
2023-10-07,0.0,0.19118302281246774
2023-10-08,0.0,0.19118302281246774
2023-10-09,0.0,0.19118302281246774
2023-10-10,0.0,0.19118302281246774
2023-10-11,0.0,0.19118302281246774
2023-10-12,0.0,0.19118302281246774
2023-10-13,0.0,0.19118302281246774
2023-10-14,0.0,0.19118302281246774
2023-10-15,0.0,0.19118302281246774
2023-10-16,0.0,0.19118302281246774
2023-10-17,0.0,0.19118302281246774
2023-10-18,0.0,0.19118302281246774
2023-10-19,0.0,0.19118302281246774
2023-10-20,0.0,0.19118302281246774
2023-10-21,0.0,0.19118302281246774
2023-10-22,0.0,0.19118302281246774
2023-10-23,0.05153808461616782,0.20103622961935141
2023-10-24,0.02699630325148522,0.20646346463869064
2023-10-25,0.0,0.20646346463869064
2023-10-26,0.0,0.20646346463869064
2023-10-27,0.0,0.20646346463869064
2023-10-28,0.0,0.20646346463869064
2023-10-29,0.0,0.20646346463869064
2023-10-30,0.0,0.20646346463869064
2023-10-31,0.0,0.20646346463869064
2023-11-01,0.0,0.20646346463869064
2023-11-02,0.0,0.20646346463869064
2023-11-03,0.0,0.20646346463869064
2023-11-04,0.0,0.20646346463869064
2023-11-05,0.0,0.20646346463869064
2023-11-06,0.0,0.20646346463869064
2023-11-07,0.0,0.20646346463869064
2023-11-08,0.0,0.20646346463869064
2023-11-09,0.0,0.20646346463869064
2023-11-10,0.0,0.20646346463869064
2023-11-11,0.0,0.20646346463869064
2023-11-12,0.0,0.20646346463869064
2023-11-13,0.0,0.20646346463869064
2023-11-14,0.0,0.20646346463869064
2023-11-15,0.0,0.20646346463869064
2023-11-16,0.0,0.20646346463869064
2023-11-17,0.0,0.20646346463869064
2023-11-18,0.0,0.20646346463869064
2023-11-19,0.0,0.20646346463869064
2023-11-20,0.0,0.20646346463869064
2023-11-21,0.0,0.20646346463869064
2023-11-22,0.0,0.20646346463869064
2023-11-23,0.0,0.20646346463869064
2023-11-24,0.0,0.20646346463869064
2023-11-25,0.0,0.20646346463869064
2023-11-26,0.0,0.20646346463869064
2023-11-27,0.0,0.20646346463869064
2023-11-28,0.0,0.20646346463869064
2023-11-29,0.0,0.20646346463869064
2023-11-30,0.0,0.20646346463869064
2023-12-01,0.0,0.20646346463869064
2023-12-02,0.0,0.20646346463869064
2023-12-03,0.0,0.20646346463869064
2023-12-04,0.0,0.20646346463869064
2023-12-05,0.0,0.20646346463869064
2023-12-06,0.029809640922237146,0.21261806638313105
2023-12-07,0.0,0.21261806638313105
2023-12-08,0.0,0.21261806638313105
2023-12-09,0.0,0.21261806638313105
2023-12-10,0.0,0.21261806638313105
2023-12-11,0.0,0.21261806638313105
2023-12-12,0.0,0.21261806638313105
2023-12-13,0.0,0.21261806638313105
2023-12-14,0.0,0.21261806638313105
2023-12-15,0.0,0.21261806638313105
2023-12-16,0.0,0.21261806638313105
2023-12-17,0.0,0.21261806638313105
2023-12-18,0.0,0.21261806638313105
2023-12-19,0.0,0.21261806638313105
2023-12-20,0.0,0.21261806638313105
2023-12-21,0.0,0.21261806638313105
2023-12-22,0.0,0.21261806638313105
2023-12-23,0.0,0.21261806638313105
2023-12-24,0.0,0.21261806638313105
2023-12-25,0.0,0.21261806638313105
2023-12-26,0.0,0.21261806638313105
2023-12-27,0.0,0.21261806638313105
2023-12-28,0.0,0.21261806638313105
2023-12-29,0.0,0.21261806638313105
2023-12-30,0.0,0.21261806638313105
2023-12-31,0.0,0.21261806638313105
2024-01-01,0.0,0.21261806638313105
2024-01-02,0.0,0.21261806638313105
2024-01-03,0.0,0.21261806638313105
2024-01-04,0.0,0.21261806638313105
2024-01-05,0.0,0.21261806638313105
2024-01-06,0.0,0.21261806638313105
2024-01-07,0.0,0.21261806638313105
2024-01-08,0.0,0.21261806638313105
2024-01-09,0.0,0.21261806638313105
2024-01-10,0.0,0.21261806638313105
2024-01-11,0.0,0.21261806638313105
2024-01-12,0.0,0.21261806638313105
2024-01-13,0.0,0.21261806638313105
2024-01-14,0.0,0.21261806638313105
2024-01-15,0.0,0.21261806638313105
2024-01-16,0.0,0.21261806638313105
2024-01-17,0.0,0.21261806638313105
2024-01-18,0.0,0.21261806638313105
2024-01-19,0.0,0.21261806638313105
2024-01-20,0.0,0.21261806638313105
2024-01-21,0.0,0.21261806638313105
2024-01-22,0.0,0.21261806638313105
2024-01-23,0.0,0.21261806638313105
2024-01-24,0.0,0.21261806638313105
2024-01-25,0.0,0.21261806638313105
2024-01-26,0.0,0.21261806638313105
2024-01-27,0.0,0.21261806638313105
2024-01-28,0.0,0.21261806638313105
2024-01-29,0.0,0.21261806638313105
2024-01-30,0.0,0.21261806638313105
2024-01-31,0.0,0.21261806638313105
2024-02-01,0.0,0.21261806638313105
2024-02-02,0.019991577122957904,0.2168686368549636
2024-02-03,0.0,0.2168686368549636
2024-02-04,0.0,0.2168686368549636
2024-02-05,0.0,0.2168686368549636
2024-02-06,0.0,0.2168686368549636
2024-02-07,0.0,0.2168686368549636
2024-02-08,0.0,0.2168686368549636
2024-02-09,0.0,0.2168686368549636
2024-02-10,0.0,0.2168686368549636
2024-02-11,0.0,0.2168686368549636
2024-02-12,0.0,0.2168686368549636
2024-02-13,0.0,0.2168686368549636
2024-02-14,-0.0221756863158106,0.2120594259923305
2024-02-15,0.0,0.2120594259923305
2024-02-16,0.0,0.2120594259923305
2024-02-17,0.0,0.2120594259923305
2024-02-18,0.0,0.2120594259923305
2024-02-19,0.0,0.2120594259923305
2024-02-20,0.0,0.2120594259923305
2024-02-21,0.0,0.2120594259923305
2024-02-22,0.0,0.2120594259923305
2024-02-23,0.0,0.2120594259923305
2024-02-24,0.0,0.2120594259923305
2024-02-25,0.0,0.2120594259923305
2024-02-26,0.0,0.2120594259923305
2024-02-27,0.0,0.2120594259923305
2024-02-28,0.0,0.2120594259923305
2024-02-29,0.0,0.2120594259923305
2024-03-01,0.0,0.2120594259923305
2024-03-02,0.0,0.2120594259923305
2024-03-03,0.0,0.2120594259923305
2024-03-04,0.0,0.2120594259923305
2024-03-05,0.0,0.2120594259923305
2024-03-06,0.0,0.2120594259923305
2024-03-07,0.0,0.2120594259923305
2024-03-08,0.0,0.2120594259923305
2024-03-09,0.0,0.2120594259923305
2024-03-10,0.0,0.2120594259923305
2024-03-11,0.0,0.2120594259923305
2024-03-12,0.0,0.2120594259923305
2024-03-13,0.0,0.2120594259923305
2024-03-14,0.0,0.2120594259923305
2024-03-15,0.0,0.2120594259923305
2024-03-16,0.0,0.2120594259923305
2024-03-17,0.0,0.2120594259923305
2024-03-18,0.0,0.2120594259923305
2024-03-19,0.0,0.2120594259923305
2024-03-20,0.0,0.2120594259923305
2024-03-21,0.0,0.2120594259923305
2024-03-22,0.0,0.2120594259923305
2024-03-23,0.0,0.2120594259923305
2024-03-24,0.0,0.2120594259923305
2024-03-25,0.0,0.2120594259923305
2024-03-26,0.0,0.2120594259923305
2024-03-27,0.0,0.2120594259923305
2024-03-28,0.0,0.2120594259923305
2024-03-29,0.0,0.2120594259923305
2024-03-30,0.0,0.2120594259923305
2024-03-31,0.0,0.2120594259923305
2024-04-01,0.0,0.2120594259923305
2024-04-02,0.0,0.2120594259923305
2024-04-03,0.0,0.2120594259923305
2024-04-04,0.0,0.2120594259923305
2024-04-05,0.0,0.2120594259923305
2024-04-06,0.0,0.2120594259923305
2024-04-07,0.0,0.2120594259923305
2024-04-08,0.0,0.2120594259923305
2024-04-09,0.0,0.2120594259923305
2024-04-10,0.0,0.2120594259923305
2024-04-11,0.0,0.2120594259923305
2024-04-12,0.0,0.2120594259923305
2024-04-13,0.0,0.2120594259923305
2024-04-14,0.0,0.2120594259923305
2024-04-15,0.0,0.2120594259923305
2024-04-16,0.0,0.2120594259923305
2024-04-17,0.0,0.2120594259923305
2024-04-18,0.0,0.2120594259923305
2024-04-19,0.0,0.2120594259923305
2024-04-20,0.0,0.2120594259923305
2024-04-21,0.0,0.2120594259923305
2024-04-22,0.0,0.2120594259923305
2024-04-23,0.0,0.2120594259923305
2024-04-24,0.0,0.2120594259923305
2024-04-25,0.0,0.2120594259923305
2024-04-26,0.0,0.2120594259923305
2024-04-27,0.0,0.2120594259923305
2024-04-28,0.0,0.2120594259923305
2024-04-29,0.0,0.2120594259923305
2024-04-30,0.0,0.2120594259923305
2024-05-01,0.0,0.2120594259923305
2024-05-02,0.0,0.2120594259923305
2024-05-03,0.0,0.2120594259923305
2024-05-04,0.0,0.2120594259923305
2024-05-05,0.0,0.2120594259923305
2024-05-06,0.0,0.2120594259923305
2024-05-07,0.0,0.2120594259923305
2024-05-08,0.0,0.2120594259923305
2024-05-09,0.0,0.2120594259923305
2024-05-10,0.0,0.2120594259923305
2024-05-11,0.0,0.2120594259923305
2024-05-12,0.0,0.2120594259923305
2024-05-13,0.0,0.2120594259923305
2024-05-14,0.0,0.2120594259923305
2024-05-15,0.0,0.2120594259923305
2024-05-16,0.0,0.2120594259923305
2024-05-17,-0.01100946965972538,0.20972476417580915
2024-05-18,0.0,0.20972476417580915
2024-05-19,0.0,0.20972476417580915
2024-05-20,0.021995178133885407,0.21433769772294317
2024-05-21,0.0,0.21433769772294317
2024-05-22,0.0,0.21433769772294317
2024-05-23,0.0,0.21433769772294317
2024-05-24,0.0,0.21433769772294317
2024-05-25,0.0,0.21433769772294317
2024-05-26,0.0,0.21433769772294317
2024-05-27,0.0,0.21433769772294317
2024-05-28,0.0,0.21433769772294317
2024-05-29,0.0,0.21433769772294317
2024-05-30,0.0,0.21433769772294317
2024-05-31,0.0,0.21433769772294317
2024-06-01,0.0,0.21433769772294317
2024-06-02,0.0,0.21433769772294317
2024-06-03,0.0,0.21433769772294317
2024-06-04,0.0,0.21433769772294317
2024-06-05,0.0,0.21433769772294317
2024-06-06,0.0,0.21433769772294317
2024-06-07,0.0,0.21433769772294317
2024-06-08,0.0,0.21433769772294317
2024-06-09,0.0,0.21433769772294317
2024-06-10,0.0,0.21433769772294317
2024-06-11,0.0,0.21433769772294317
2024-06-12,0.0,0.21433769772294317
2024-06-13,0.0,0.21433769772294317
2024-06-14,0.0,0.21433769772294317
2024-06-15,0.0,0.21433769772294317
2024-06-16,0.0,0.21433769772294317
2024-06-17,0.0,0.21433769772294317
2024-06-18,0.0,0.21433769772294317
2024-06-19,0.0,0.21433769772294317
2024-06-20,0.0,0.21433769772294317
2024-06-21,0.0,0.21433769772294317
2024-06-22,0.0,0.21433769772294317
2024-06-23,0.0,0.21433769772294317
2024-06-24,0.0,0.21433769772294317
2024-06-25,0.0,0.21433769772294317
2024-06-26,0.0,0.21433769772294317
2024-06-27,0.0,0.21433769772294317
2024-06-28,0.0,0.21433769772294317
2024-06-29,0.0,0.21433769772294317
2024-06-30,0.0,0.21433769772294317
2024-07-01,0.0,0.21433769772294317
2024-07-02,0.0,0.21433769772294317
2024-07-03,0.0,0.21433769772294317
2024-07-04,0.0,0.21433769772294317
2024-07-05,0.0,0.21433769772294317
2024-07-06,0.0,0.21433769772294317
2024-07-07,0.0,0.21433769772294317
2024-07-08,0.0,0.21433769772294317
2024-07-09,0.0,0.21433769772294317
2024-07-10,0.0,0.21433769772294317
2024-07-11,0.0,0.21433769772294317
2024-07-12,-0.0790355623610324,0.1973973972482414
2024-07-13,-0.036577995974539146,0.19017699604631072
2024-07-14,0.0,0.19017699604631072
2024-07-15,-0.014043383600805981,0.1875062675387834
2024-07-16,0.0,0.1875062675387834
2024-07-17,0.0,0.1875062675387834
2024-07-18,0.0,0.1875062675387834
2024-07-19,0.0,0.1875062675387834
2024-07-20,0.0,0.1875062675387834
2024-07-21,0.0,0.1875062675387834
2024-07-22,0.0,0.1875062675387834
2024-07-23,0.0,0.1875062675387834
2024-07-24,0.0,0.1875062675387834
2024-07-25,0.0,0.1875062675387834
2024-07-26,0.0,0.1875062675387834
2024-07-27,0.0,0.1875062675387834
2024-07-28,0.0,0.1875062675387834
2024-07-29,0.0,0.1875062675387834
2024-07-30,0.0,0.1875062675387834
2024-07-31,0.0,0.1875062675387834
2024-08-01,0.0,0.1875062675387834
2024-08-02,0.0,0.1875062675387834
2024-08-03,0.0,0.1875062675387834
2024-08-04,0.0,0.1875062675387834
2024-08-05,0.0,0.1875062675387834
2024-08-06,0.0,0.1875062675387834
2024-08-07,0.0,0.1875062675387834
2024-08-08,0.0,0.1875062675387834
2024-08-09,0.0,0.1875062675387834
2024-08-10,0.0,0.1875062675387834
2024-08-11,0.0,0.1875062675387834
2024-08-12,0.0,0.1875062675387834
2024-08-13,0.0,0.1875062675387834
2024-08-14,0.0,0.1875062675387834
2024-08-15,0.0,0.1875062675387834
2024-08-16,0.0,0.1875062675387834
2024-08-17,0.0,0.1875062675387834
2024-08-18,0.0,0.1875062675387834
2024-08-19,0.0,0.1875062675387834
2024-08-20,0.0,0.1875062675387834
2024-08-21,0.0,0.1875062675387834
2024-08-22,0.0,0.1875062675387834
2024-08-23,-0.010221999789584102,0.18558957851145627
2024-08-24,0.0,0.18558957851145627
2024-08-25,0.012332427400088608,0.18787834851466187
2024-08-26,0.0,0.18787834851466187
2024-08-27,0.0,0.18787834851466187
2024-08-28,0.0,0.18787834851466187
2024-08-29,0.0,0.18787834851466187
2024-08-30,0.0,0.18787834851466187
2024-08-31,0.0,0.18787834851466187
2024-09-01,0.0,0.18787834851466187
2024-09-02,0.0,0.18787834851466187
2024-09-03,0.0,0.18787834851466187
2024-09-04,0.0,0.18787834851466187
2024-09-05,0.0,0.18787834851466187
2024-09-06,0.0,0.18787834851466187
2024-09-07,0.0,0.18787834851466187
2024-09-08,0.0,0.18787834851466187
2024-09-09,0.0,0.18787834851466187
2024-09-10,0.0,0.18787834851466187
2024-09-11,0.0,0.18787834851466187
2024-09-12,0.0,0.18787834851466187
2024-09-13,0.0,0.18787834851466187
2024-09-14,0.0,0.18787834851466187
2024-09-15,0.0,0.18787834851466187
2024-09-16,0.0,0.18787834851466187
2024-09-17,6.757125679324183e-06,0.18787961803227524
2024-09-18,0.0,0.18787961803227524
2024-09-19,0.0,0.18787961803227524
2024-09-20,-0.04768957219669373,0.1789197194238378
2024-09-21,0.019619564406197776,0.18243004638261262
2024-09-22,0.0,0.18243004638261262
2024-09-23,0.017766566314884047,0.18567120189949668
2024-09-24,0.0,0.18567120189949668
2024-09-25,0.0,0.18567120189949668
2024-09-26,0.0,0.18567120189949668
2024-09-27,0.0,0.18567120189949668
2024-09-28,0.0,0.18567120189949668
2024-09-29,0.0,0.18567120189949668
2024-09-30,0.0,0.18567120189949668
2024-10-01,0.0,0.18567120189949668
2024-10-02,0.0,0.18567120189949668
2024-10-03,0.0,0.18567120189949668
2024-10-04,0.0,0.18567120189949668
2024-10-05,0.0,0.18567120189949668
2024-10-06,0.0,0.18567120189949668
2024-10-07,0.0,0.18567120189949668
2024-10-08,0.0,0.18567120189949668
2024-10-09,0.0,0.18567120189949668
2024-10-10,0.0,0.18567120189949668
2024-10-11,0.0,0.18567120189949668
2024-10-12,0.0,0.18567120189949668
2024-10-13,0.0,0.18567120189949668
2024-10-14,0.017907227361142253,0.18899605832632752
2024-10-15,0.0,0.18899605832632752
2024-10-16,0.0,0.18899605832632752
2024-10-17,0.0,0.18899605832632752
2024-10-18,0.0,0.18899605832632752
2024-10-19,0.0,0.18899605832632752
2024-10-20,0.0,0.18899605832632752
2024-10-21,0.0,0.18899605832632752
2024-10-22,0.0,0.18899605832632752
2024-10-23,0.0,0.18899605832632752
2024-10-24,0.0,0.18899605832632752
2024-10-25,0.0,0.18899605832632752
2024-10-26,0.0,0.18899605832632752
2024-10-27,0.0,0.18899605832632752
2024-10-28,0.0,0.18899605832632752
2024-10-29,0.0,0.18899605832632752
2024-10-30,0.0,0.18899605832632752
2024-10-31,0.0,0.18899605832632752
2024-11-01,0.02124400436599566,0.193011091414568
2024-11-02,0.0,0.193011091414568
2024-11-03,0.0,0.193011091414568
2024-11-04,0.0,0.193011091414568
2024-11-05,0.0,0.193011091414568
2024-11-06,0.055140303901703935,0.20365378165156683
2024-11-07,0.012013405974484248,0.20610035720878608
2024-11-08,0.0,0.20610035720878608
2024-11-09,0.0,0.20610035720878608
2024-11-10,0.0,0.20610035720878608
