symbol,short_period,long_period,total_return,cagr,sharpe_ratio,max_drawdown,win_rate,total_trades
BTC_KRW,1,5,54.696333238689746,5.719773112994364,0.3373398906079155,-72.9204028198867,37.812653261402644,2039
BTC_KRW,1,10,766.5203950530617,31.69052256622813,0.8903920585836823,-61.453293210417904,43.803056027164686,1767
BTC_KRW,1,15,2815.4511856933846,53.72015534602219,1.2982018116982734,-53.90673498025493,47.08680142687277,1682
BTC_KRW,1,20,3607.8528251811845,58.50485854524832,1.3674037953730456,-59.16523060604481,48.708708708708706,1665
BTC_KRW,1,25,2725.075169732656,53.10428070531095,1.2708645011041444,-59.10497696695053,48.83435582822086,1630
BTC_KRW,1,30,3283.8563573068,56.66789246149724,1.3312435024235387,-54.33560530820429,49.81296758104738,1604
BTC_KRW,1,40,4686.387313359922,63.74913322108209,1.4669465345574881,-46.55616056931069,51.00064557779213,1549
BTC_KRW,1,50,1765.5289284950343,45.21471269408348,1.1485975587586719,-57.07828380369697,51.034928848641655,1546
BTC_KRW,1,60,2766.0765966790927,53.385787057828196,1.285377588825423,-54.25549885692904,51.19798234552333,1586
BTC_KRW,1,75,2522.579665030616,51.659401632312395,1.2540596664105934,-56.66374189250617,51.661442006269596,1595
BTC_KRW,1,100,2964.5247219399125,54.700545095025646,1.3118210655507847,-53.11388989388035,51.24923826934796,1641
BTC_KRW,1,125,3630.306581022141,58.626906401372494,1.372893184474096,-48.20272114142139,51.69385194479298,1594
BTC_KRW,1,150,2261.7303730265335,49.64730186268746,1.2180818149490924,-55.39946173838821,51.754945756222085,1567
BTC_KRW,1,175,2014.2980052117568,47.55072419258934,1.1906020198075247,-54.13714570286703,51.543793320730934,1587
BTC_KRW,1,200,2104.147717244284,48.33567326918193,1.194678771579627,-55.2676622485198,51.42326732673267,1616
BTC_KRW,5,10,1338.235220926432,40.47794968398279,1.0575151804294793,-59.96651384833015,47.4169741697417,1626
BTC_KRW,5,15,2152.8049647396456,48.74917047846201,1.2035505736869667,-58.78863666587253,49.12935323383085,1608
BTC_KRW,5,20,2610.7298525865817,52.299941930056406,1.2622227471186673,-61.02062358275669,50.464396284829725,1615
BTC_KRW,5,25,2733.1668336364196,53.16011727395964,1.2699686631001479,-66.21796653045683,50.476190476190474,1575
BTC_KRW,5,30,2338.7677316504396,50.26093067954234,1.225446158639564,-55.38403972500795,50.865939704939066,1559
BTC_KRW,5,40,2869.3682658440284,54.07968868730173,1.2972774976480976,-52.33775018856559,51.70603674540683,1524
BTC_KRW,5,50,2966.2254357623447,54.71148769269798,1.310150043200531,-50.60757957911507,51.965923984272614,1526
BTC_KRW,5,60,3055.555688190297,55.27893699894606,1.321376748267573,-47.46373189542047,52.374756018217305,1537
BTC_KRW,5,75,3202.2578436012645,56.18111546021887,1.328311584466571,-51.87565782818848,52.641629535327816,1571
BTC_KRW,5,100,1770.9281400659868,45.26822539525488,1.1168394226121583,-55.418877157983026,51.817621688231675,1623
BTC_KRW,5,125,2315.450499997085,50.077007371548234,1.2011709879607908,-52.98682260797335,52.35997482693517,1589
BTC_KRW,5,150,1926.4710439397004,46.75479408653407,1.140872940295618,-61.04955539378888,52.2771007055805,1559
BTC_KRW,5,175,1227.160392369553,39.04585185003315,1.0153979204538317,-63.60661750319431,51.863550221099175,1583
BTC_KRW,5,200,1919.6153339987418,46.69140539590559,1.168003261295463,-50.889123225892085,52.01988812927284,1609
BTC_KRW,10,15,1284.052810806511,39.79190647379212,1.035206638971549,-56.28195582286432,48.58722358722359,1628
BTC_KRW,10,20,2355.433494907089,50.39145014415001,1.2289693257300414,-60.003186850443534,50.68407960199005,1608
BTC_KRW,10,25,1328.2366308774021,40.35306663782035,1.0470775822533638,-63.19978301048654,50.09463722397476,1585
BTC_KRW,10,30,2901.0277651426863,54.28815677927814,1.2962848973656074,-44.986478156307605,51.546391752577314,1552
BTC_KRW,10,40,2221.8858307499254,49.32304322006302,1.2099360520153224,-50.56543646252095,51.712992889463486,1547
BTC_KRW,10,50,2344.620761580817,50.306857640433655,1.2332203482815594,-46.55261195067977,51.91798941798942,1512
BTC_KRW,10,60,3136.4389439657552,55.780764406094875,1.3365101834444593,-44.9027748214671,52.40289664252798,1519
BTC_KRW,10,75,2320.53881022191,50.11727503420278,1.2299408715650553,-46.73743591164033,52.28589826142949,1553
BTC_KRW,10,100,1767.9608055164515,45.238832232243944,1.113100397817807,-51.29942239728403,52.36907730673317,1604
BTC_KRW,10,125,1664.2452096722184,44.18495609098867,1.0993989579911472,-53.322200472323104,52.3145212428662,1577
BTC_KRW,10,150,1584.2882386145525,43.33493059246738,1.0766119050671448,-60.4862712494048,52.25225225225225,1554
BTC_KRW,10,175,1029.2887875170961,36.213094501980024,0.9629133430714159,-64.38475532840758,51.847133757961785,1570
BTC_KRW,10,200,947.1803859407635,34.9085237715665,0.9352128824950218,-64.30660398188675,51.8266253869969,1615
BTC_KRW,15,20,1680.1665941919496,44.35019177899755,1.1290009495062396,-69.17569156015092,49.43609022556391,1596
BTC_KRW,15,25,703.7360384174661,30.433790931985193,0.8716803701856223,-71.04334562953619,49.58572339069471,1569
BTC_KRW,15,30,2773.051398006451,53.43332431800225,1.2926670224515604,-41.60096182195681,51.01781170483461,1572
BTC_KRW,15,40,2232.1356584872933,49.40691835934514,1.2161736297488195,-47.137321986037854,51.67310167310168,1554
BTC_KRW,15,50,1878.057330759978,46.303087068868145,1.1582148378366017,-55.271655715957856,51.59609120521173,1535
BTC_KRW,15,60,2312.803597567716,50.056031150019486,1.2411618852387691,-48.946320954765056,51.94976867151355,1513
BTC_KRW,15,75,1246.4519418537634,39.30190458163671,1.0186642235732088,-51.782157182719246,52.39637305699482,1544
BTC_KRW,15,100,1321.1951143525223,40.26465905574539,1.0287660458324883,-51.68688112557855,52.11356466876972,1585
BTC_KRW,15,125,1215.6143347972868,38.89104574072748,1.0048318249986437,-57.56206851166081,52.01277955271566,1565
BTC_KRW,15,150,1490.8581278254178,42.29586559981839,1.0510199628535308,-62.65689341231088,52.29476405946995,1547
BTC_KRW,15,175,1333.8698689607972,40.42351961598434,1.0282930556287557,-62.770800077218304,52.14057507987221,1565
BTC_KRW,15,200,854.5815804545325,33.325536236857985,0.9041670284736588,-67.96670052656462,51.52647975077882,1605
BTC_KRW,20,25,578.3634675425448,27.644051215988476,0.8158973580124366,-63.71544788472106,49.278091650973,1593
BTC_KRW,20,30,1881.7438148845106,46.33781986497212,1.1536666541166611,-52.34964107577278,50.853889943074,1581
BTC_KRW,20,40,1619.9202082487436,43.71799063891946,1.110879633119869,-53.90758003901658,51.40485312899106,1566
BTC_KRW,20,50,1576.7160060390377,43.2526156803491,1.098817567467844,-58.97319072398359,51.29032258064517,1550
BTC_KRW,20,60,2742.4081630324335,53.223717170129305,1.2937895587782813,-40.846828971412044,52.179656538969624,1514
BTC_KRW,20,75,1897.2272910821396,46.483087050210095,1.1387891682214064,-53.28093924311563,52.34375,1536
BTC_KRW,20,100,1745.0057873945937,45.010062683882346,1.1149024193414132,-50.45963243650415,52.1460602178091,1561
BTC_KRW,20,125,1472.4969329854189,42.08542747685404,1.053784804700034,-61.515873519765606,52.15434083601286,1555
BTC_KRW,20,150,1129.723633809736,37.70071467261915,0.979278847491504,-64.13818089304705,52.04944697462589,1537
BTC_KRW,20,175,1085.6672177885553,37.06172755893351,0.9701702446074124,-63.72615857110194,51.87096774193548,1550
BTC_KRW,20,200,1099.4042789016296,37.26315932451874,0.9678565487446795,-64.57555259253004,51.58878504672897,1605
BTC_KRW,25,30,1568.7219816432514,43.16536292064623,1.0931192245216612,-55.365446829547416,50.68493150684932,1606
BTC_KRW,25,40,1434.8520807753334,41.64718817415021,1.072713120246986,-56.5606088624022,51.20558375634518,1576
BTC_KRW,25,50,2736.8163146092475,53.18525501900011,1.2681449203562145,-44.11985615623442,51.81876196553925,1567
BTC_KRW,25,60,1568.3641194925815,43.16144842357736,1.0865203220000623,-54.73977621947175,52.18811234487263,1531
BTC_KRW,25,75,1450.1305819288182,41.82617017710919,1.0571044083858683,-52.7972198899325,52.58001306335728,1531
BTC_KRW,25,100,1897.3041234404805,46.48380544382855,1.143404852190084,-52.6858671820851,52.57664709719504,1533
BTC_KRW,25,125,1736.9444253972592,44.92913376776513,1.1033131693271556,-62.657275370865996,52.31958762886598,1552
BTC_KRW,25,150,1364.7939307821987,40.80602842616201,1.0367521925051155,-63.744153855106745,51.9053876478318,1522
BTC_KRW,25,175,1270.6914289904892,39.61913079923596,1.013870921619699,-65.33541521429342,52.046783625730995,1539
BTC_KRW,25,200,836.5813974740316,33.00235724862455,0.8910910317611874,-71.1384822715823,51.376720901126404,1598
BTC_KRW,30,40,1681.9922910719313,44.369056776895,1.1198808240393847,-46.195092255573954,50.94458438287154,1588
BTC_KRW,30,50,1165.9987290720292,38.2120192999879,0.9908403178723731,-57.88530688100211,50.986632718014,1571
BTC_KRW,30,60,1775.5803701382042,45.3142266484226,1.1150248376819947,-50.15008996550748,52.199223803363516,1546
BTC_KRW,30,75,1197.5151647220302,38.64597521579225,0.9979795456016506,-57.881447770883184,52.473958333333336,1536
BTC_KRW,30,100,2068.2494400704177,48.02546707994759,1.1677196657404985,-54.00376115865141,52.41242564441507,1513
BTC_KRW,30,125,1828.5465849913053,45.8310556804884,1.1187595985406809,-61.80793307512508,52.00777202072538,1544
BTC_KRW,30,150,1536.1106379309163,42.8055965014873,1.0675021760913408,-62.5288057325468,52.17105263157895,1520
BTC_KRW,30,175,1135.7102407536254,37.78599610340634,0.9776422512769841,-64.57555259253002,51.62548764629389,1538
BTC_KRW,30,200,852.0537345129677,33.2804733767071,0.8922040657005299,-69.35055182734746,51.256281407035175,1592
BTC_KRW,35,40,1078.1770702266504,36.95103731828742,0.9635451586577807,-60.91353395640257,50.433168316831676,1616
BTC_KRW,35,50,1426.227941859841,41.54547205492265,1.0498026114725925,-55.086978074036764,51.60276555625393,1591
BTC_KRW,35,60,957.3787784881089,35.07531657110425,0.9338874918094444,-56.73194991627466,51.580278128950695,1582
BTC_KRW,35,75,770.651137438745,31.770389682150956,0.873861313279536,-59.67170330762907,52.031454783748366,1526
BTC_KRW,35,100,2105.3064433977033,48.34561247623521,1.1681609318872632,-54.558958684850566,52.30153435623749,1499
BTC_KRW,35,125,1602.1759664741844,43.52810645199385,1.073147678438671,-62.33854678844527,51.81818181818182,1540
BTC_KRW,35,150,1391.3252777153216,41.128627330912735,1.0379446026158168,-63.55716322015294,52.27123107307439,1519
BTC_KRW,35,175,951.9551099736866,34.98678911235209,0.9265863167055477,-66.81412696598784,51.26541207008436,1541
BTC_KRW,35,200,905.1112644357033,34.20515095340679,0.9080588848902542,-68.16395704994673,51.102709514807806,1587
BTC_KRW,40,50,1164.8472770918725,38.1959869805792,0.9848513457414099,-52.86453565472106,51.33789670192906,1607
BTC_KRW,40,60,794.4075184516745,32.22339807211267,0.8759739268588586,-56.600888963467476,51.34627426424546,1597
BTC_KRW,40,75,884.206988939075,33.84603895408051,0.9022845206256207,-59.75643633226289,52.504879635653865,1537
BTC_KRW,40,100,1367.3380258868488,40.837182498465154,1.0329377659375993,-64.22372664681366,51.61929940515532,1513
BTC_KRW,40,125,1412.849895823459,41.386689955910306,1.0363699801099164,-62.2833855855138,51.78919973975277,1537
BTC_KRW,40,150,1342.0618166256677,40.52554375673056,1.0282797939417,-65.66003970095662,51.94976867151355,1513
BTC_KRW,40,175,1319.3437378922742,40.24135122618719,1.0164136921670301,-66.75732002341901,51.36363636363637,1540
BTC_KRW,40,200,1020.3772005328766,36.07558445639998,0.9386485033945511,-66.70912093473859,50.95298602287166,1574
BTC_KRW,45,50,694.1190882068897,30.23377816119046,0.8417768473781219,-56.61033886608367,50.764525993883794,1635
BTC_KRW,45,60,617.7260429697529,28.565230043446064,0.8041741244754215,-55.899431793052926,51.24843945068665,1602
BTC_KRW,45,75,755.1038651016922,31.468045565020898,0.8580720169336521,-63.70663969091086,51.87096774193548,1550
BTC_KRW,45,100,1249.7462801486404,39.34530929501203,1.0052158905584105,-58.769276625086775,51.61290322580645,1519
BTC_KRW,45,125,1106.2081588828682,37.36218283813311,0.965490866850331,-64.92056001146013,51.63185378590078,1532
BTC_KRW,45,150,969.033366479425,35.26421524746826,0.9347862564660822,-67.01363445620657,51.39072847682119,1510
BTC_KRW,45,175,893.7707547277279,34.01115138371236,0.9078589402387685,-67.20219403947767,51.040312093628096,1538
BTC_KRW,45,200,745.6021507637107,31.280898188251527,0.8554315351898675,-69.0913460784627,50.605481198215415,1569
BTC_KRW,50,60,570.4676328064205,27.453672873591195,0.784262032628894,-59.07538198667179,51.057213930348254,1608
BTC_KRW,50,75,542.3482553204016,26.75939918998742,0.7713004282061193,-66.5156800176939,51.69980756895446,1559
BTC_KRW,50,100,904.7410613519011,34.19884819777796,0.9098268174525646,-64.20400635453198,51.465798045602604,1535
BTC_KRW,50,125,1290.8041462462495,39.8786550352832,1.008353894339953,-65.87775304490748,51.77398160315374,1522
BTC_KRW,50,150,891.7836765188744,33.9769601766678,0.9119575112200207,-68.0617224871821,51.25827814569537,1510
BTC_KRW,50,175,1101.1304663045275,37.28832852500592,0.9646203585854825,-67.34339617954531,51.206784083496416,1533
BTC_KRW,50,200,758.8930198621906,31.542171678397768,0.8546679908554234,-65.00678054535922,50.60858424087124,1561
ETH_KRW,1,5,8.154046291554096,1.1494956292910974,0.2931263716348276,-87.4988728375588,36.483390607101946,1746
ETH_KRW,1,10,609.0892187765472,33.05748804359852,0.7880929856913738,-67.29173152881016,43.26101249178173,1521
ETH_KRW,1,15,2715.3997653350843,62.68784036234174,1.1455294070208668,-58.772200874175184,46.83453237410072,1390
ETH_KRW,1,20,5455.350063358562,79.63607319516956,1.3585477515059963,-52.60058147723517,48.45980465815177,1331
ETH_KRW,1,25,3503.2178462997003,68.64696419898115,1.237243224293924,-54.884225284763055,48.369977255496586,1319
ETH_KRW,1,30,5168.846893029086,78.25452568015943,1.3465146918449247,-49.856208424701784,49.122807017543856,1311
ETH_KRW,1,40,4782.5320270101765,76.28632003430675,1.3191467975081517,-61.82488614539685,50.111193476649376,1349
ETH_KRW,1,50,3904.177237632425,71.26155079226531,1.2742024501829756,-48.81535466734867,49.92435703479576,1322
ETH_KRW,1,60,1764.1957700995918,53.19631335096315,1.0682110575067818,-56.07687835332281,50.49354593773728,1317
ETH_KRW,1,75,923.6337647932638,40.37428311706237,0.8930567151302112,-62.89881792049293,50.591715976331365,1352
ETH_KRW,1,100,983.5427457901349,41.54327150769552,0.9081778689190227,-61.0856882242642,50.72463768115942,1311
ETH_KRW,1,125,2138.304044170222,57.33651215070381,1.1005251064790584,-63.36634091475687,50.977326035965596,1279
ETH_KRW,1,150,3088.325346950542,65.6654850621892,1.1932727899455526,-56.5415590335815,51.21759622937942,1273
ETH_KRW,1,175,1827.6350350910511,53.94563881476022,1.056195073386174,-63.31215222746022,51.87500000000001,1280
ETH_KRW,1,200,1370.209539305806,47.983630960198596,0.9810210122313139,-71.3204661311297,51.82370820668692,1316
ETH_KRW,5,10,1399.4344323924424,48.40894731960093,0.9832568276272693,-65.69202041242144,46.64310954063604,1415
ETH_KRW,5,15,4789.269780557937,76.32176995805695,1.3022992932361435,-61.11382814813353,49.77272727272727,1320
ETH_KRW,5,20,2484.4988581766547,60.67056146288725,1.1522189317597753,-55.92046890099176,49.80237154150198,1265
ETH_KRW,5,25,2481.783836997662,60.645940183379274,1.1478548691428268,-47.478895509273954,49.72462627852085,1271
ETH_KRW,5,30,4661.608299667385,75.6428800011069,1.3144181228263743,-44.722031698461244,50.943396226415096,1272
ETH_KRW,5,40,3083.9983679143447,65.63268395098359,1.1948825507404417,-56.722255405048394,51.21580547112462,1316
ETH_KRW,5,50,3263.080055747663,66.95948004650944,1.2269072095158768,-50.55941333938855,51.519875292283714,1283
ETH_KRW,5,60,2059.4691836606166,56.516086495892125,1.090527088914156,-60.99458536882584,52.153484729835554,1277
ETH_KRW,5,75,1297.4808290100552,46.89297544123821,0.9644821933659271,-69.33048992204648,51.924528301886795,1325
ETH_KRW,5,100,1177.322948266185,44.979940969125124,0.9480830422865177,-62.63631701116555,51.382488479262676,1302
ETH_KRW,5,125,1824.5490031420027,53.909678570324225,1.060804219391963,-66.9071010159187,51.748807631160574,1258
ETH_KRW,5,150,2033.9826293576052,56.24537590077079,1.0826486987351818,-60.49640764148928,51.60513643659711,1246
ETH_KRW,5,175,2069.837377434131,56.62543396326003,1.0880293684616702,-62.50484161387213,52.16706067769897,1269
ETH_KRW,5,200,1514.3585972985193,50.01563633869339,1.0092643614081644,-72.95598522093076,52.12683681361175,1293
ETH_KRW,10,15,1043.2151188595303,42.653991221418664,0.9197703153207923,-68.53688388170379,49.407407407407405,1350
ETH_KRW,10,20,4531.855270506918,74.93674465228935,1.2990398578462732,-50.276142521656254,50.50348567002324,1291
ETH_KRW,10,25,2292.488910502245,58.872189022807106,1.1203584949872611,-53.60426976770999,50.0,1272
ETH_KRW,10,30,2372.6378571398322,59.637339829178806,1.1235041985890535,-60.252500670543554,50.194855806703046,1283
ETH_KRW,10,40,3625.401014188607,69.46897357233517,1.227448628472609,-52.12822219339082,51.050583657587545,1285
ETH_KRW,10,50,1462.024790180102,49.2965273118011,0.9944480093944273,-68.57918758563468,51.6078431372549,1275
ETH_KRW,10,60,2319.15545117971,59.129162897406594,1.1032428978328346,-65.7726935995027,52.22830336200156,1279
ETH_KRW,10,75,1885.2844931920686,54.608525013029194,1.0455869933686843,-60.387922311990515,51.92307692307693,1300
ETH_KRW,10,100,1337.9018425591526,47.50496156197572,0.9737314726675034,-64.26516477553434,51.42198308993082,1301
ETH_KRW,10,125,1196.0356677617926,45.28771021501412,0.9546100633588878,-74.61742178461634,51.23113582208102,1259
ETH_KRW,10,150,1776.8656467400801,53.34768846752236,1.0498988294885625,-65.68560607563005,51.67074164629177,1227
ETH_KRW,10,175,1282.5835453524523,46.663608605559425,0.9685707107442487,-65.24590531310119,51.78429817605076,1261
ETH_KRW,10,200,1607.6911501610332,51.250079487809664,1.0249655672340254,-64.19372721418252,52.17729393468118,1286
ETH_KRW,15,20,1598.3920804915592,51.12970885198753,1.0287728606859532,-60.832038151515754,49.17293233082707,1330
ETH_KRW,15,25,1355.2772708208206,47.76352368047556,0.9797906318087951,-61.7154833855208,48.95104895104895,1287
ETH_KRW,15,30,1040.2631195498789,42.60022194733766,0.9110691880214462,-63.709504669956395,49.25606891151135,1277
ETH_KRW,15,40,2059.8531754277005,56.52014422823568,1.0890653931137184,-61.13177727298509,51.10584518167457,1266
ETH_KRW,15,50,1725.3396545667697,52.72652979178534,1.035891435339539,-69.45568494060892,51.945988880063545,1259
ETH_KRW,15,60,1911.4304675996977,54.903760192386784,1.0572027664880177,-61.80661395742717,51.66666666666667,1260
ETH_KRW,15,75,2020.1826689432173,56.09764230520427,1.0681131091220255,-62.60391289731264,52.119309262166404,1274
ETH_KRW,15,100,1246.8094850353634,46.10406734247452,0.9524666074627343,-66.33280893180726,51.16099071207431,1292
ETH_KRW,15,125,1149.8418568047036,44.52090206369934,0.9407487818538729,-75.28590030704918,51.4670896114195,1261
ETH_KRW,15,150,1895.719838987419,54.726754857141735,1.0631581552671985,-65.6697842654899,51.830756712774615,1229
ETH_KRW,15,175,1781.206324959808,53.39934860516862,1.0458346093641837,-64.68969193643449,51.949085123309466,1257
ETH_KRW,15,200,1713.3838305575687,52.580261244403495,1.0394981398549865,-68.598557994445,52.332814930015545,1286
ETH_KRW,20,25,1007.9960312867131,42.00460458366155,0.9035320594947535,-72.19927115987026,48.406676783004556,1318
ETH_KRW,20,30,1369.6244029705404,47.97504185664672,0.9736973806762766,-69.01439406583178,49.57064793130367,1281
ETH_KRW,20,40,774.7393506866123,37.19358513120439,0.8452519399072567,-69.43733098217643,51.031746031746025,1260
ETH_KRW,20,50,1965.9676019066335,55.509180331373464,1.0651214185532594,-59.284507922504304,51.72690763052209,1245
ETH_KRW,20,60,2310.910913306265,59.049973356496245,1.1040726111489363,-59.392640634423834,51.7077045274027,1259
ETH_KRW,20,75,1146.1787591735908,44.459064714798636,0.9353038326196697,-62.678665156136134,51.77304964539007,1269
ETH_KRW,20,100,1030.001209714397,42.412376265703664,0.9144910697700873,-61.000331060811455,51.188589540412046,1262
ETH_KRW,20,125,983.768057261223,41.547562625242904,0.9026247253157027,-78.73861950690973,51.188589540412046,1262
ETH_KRW,20,150,1477.2596375737976,49.50796402302073,1.0013694081763118,-68.27265187122377,51.34693877551021,1225
ETH_KRW,20,175,1453.629278136201,49.1792563245216,0.9965434536322118,-63.96101148117801,51.96156925540433,1249
ETH_KRW,20,200,1012.1637001370491,42.082362262217465,0.911782809717255,-72.66079043809295,51.91256830601093,1281
ETH_KRW,25,30,1252.4100389438163,46.19249733552599,0.9483542807499833,-69.09030268209894,49.27975739196361,1319
ETH_KRW,25,40,1979.9012603904,55.66166725350428,1.0625922772758931,-61.76768173289465,51.84025058731402,1277
ETH_KRW,25,50,2047.8237567847675,56.39273275141121,1.0740549028072324,-59.69596707233188,51.59235668789809,1256
ETH_KRW,25,60,1227.4732560502373,45.796323736988676,0.9499040875770937,-66.40627052290708,51.52941176470588,1275
ETH_KRW,25,75,1202.4502541952932,45.39233796224573,0.9455699920245523,-62.33546593992981,51.77584846093133,1267
ETH_KRW,25,100,1024.0692908575206,42.30312605168365,0.9144740988727357,-68.59775683083436,51.40336808340016,1247
ETH_KRW,25,125,1267.2816380111697,46.42580349860821,0.9706331830923722,-71.67772702965507,51.556264964086196,1253
ETH_KRW,25,150,1515.7111050345727,50.03395540873434,1.0070361360109428,-66.97469346252353,51.6366612111293,1222
ETH_KRW,25,175,1571.7258350828672,50.781381797260686,1.0147977456154058,-68.71671304404533,52.156549520766774,1252
ETH_KRW,25,200,814.6049460420487,38.08799035103978,0.8621068110229454,-73.2452379649014,51.4937106918239,1272
ETH_KRW,30,40,1910.6327159365183,54.89480075527096,1.0564341005342284,-62.07594282929145,51.70807453416148,1288
ETH_KRW,30,50,1739.6255868920089,52.9002357682534,1.0342340664309437,-58.80658093545743,51.89873417721519,1264
ETH_KRW,30,60,1181.7886394861089,45.05373662932981,0.9404153803739972,-60.47368246307671,52.03761755485894,1276
ETH_KRW,30,75,1361.6395719990091,47.85754118533456,0.9797408738991322,-57.43554339346398,52.53164556962025,1264
ETH_KRW,30,100,820.142577272509,38.2095833520758,0.8641325547027366,-69.80763716920296,51.3317191283293,1239
ETH_KRW,30,125,1049.8201379640382,42.77387029539024,0.9210425173708365,-75.6455251142155,51.47645650438947,1253
ETH_KRW,30,150,1047.7381516392593,42.73614650747455,0.92021266602917,-71.9665365967127,51.48026315789473,1216
ETH_KRW,30,175,928.7230671140368,40.475829239949675,0.8938446791960845,-72.09178995891372,52.00642054574639,1246
ETH_KRW,30,200,599.5063941164458,32.79377295001164,0.7920693869119383,-73.08329208918096,51.536643026004725,1269
ETH_KRW,35,40,882.8769306300661,39.54513341157791,0.8745522495426401,-66.59080964739081,50.9534706331045,1311
ETH_KRW,35,50,979.6404256576368,41.468829588720155,0.8975695587750964,-59.80705796141896,51.710730948678076,1286
ETH_KRW,35,60,1298.328800201816,46.90596834553189,0.961834321063321,-60.61727044560469,52.07517619420516,1277
ETH_KRW,35,75,1547.8268105882041,50.46514492889014,1.0100955170882768,-61.63830611976415,52.61075949367089,1264
ETH_KRW,35,100,565.7887885435197,31.840657634186975,0.7778770738954651,-76.20731410767485,51.16653258246179,1243
ETH_KRW,35,125,1079.5543361314371,43.30635893582016,0.9293346838205454,-72.01051182133928,51.78997613365155,1257
ETH_KRW,35,150,1230.8778882820934,45.85078632361039,0.958811642513506,-71.14183361453681,51.68724279835391,1215
ETH_KRW,35,175,1020.8366864216947,42.24338257974338,0.9188286954635487,-70.44703472450733,52.18093699515347,1238
ETH_KRW,35,200,571.0587227265169,31.99230576831407,0.7813644031585326,-75.90445499138207,51.6179952644041,1267
ETH_KRW,40,50,676.630032939778,34.83439489407267,0.8118754945459407,-61.1110666540855,51.4176245210728,1305
ETH_KRW,40,60,1449.3169243895054,49.118809521174825,0.9886367881491438,-66.16104444444451,52.13013168086754,1291
ETH_KRW,40,75,1374.9303170208484,48.05281974063873,0.9799384646269156,-63.78234383562883,52.377179080824085,1262
ETH_KRW,40,100,403.50847260509875,26.578071326205354,0.7055050628714198,-79.08895310547787,51.12179487179487,1248
ETH_KRW,40,125,1170.6288419544944,44.86890685049709,0.9476020200288976,-70.46877553579988,51.63346613545817,1255
ETH_KRW,40,150,2034.8199350419154,56.25431327740931,1.076454831722988,-69.47865009599302,52.4239934264585,1217
ETH_KRW,40,175,786.8366153392562,37.4686112059496,0.8575909652190655,-76.33672054713482,52.054794520547944,1241
ETH_KRW,40,200,501.346566861033,29.898140049309685,0.7524468140192918,-78.16921051754522,51.74050632911392,1264
ETH_KRW,45,50,550.3862668175354,31.391479111065856,0.766094616078211,-67.18901923813816,50.869236583522294,1323
ETH_KRW,45,60,1487.9120108773923,49.65476897383843,0.9939892472736493,-65.83008993608853,52.213740458015266,1310
ETH_KRW,45,75,1225.2584931700694,45.76083094227181,0.9496852308662095,-76.22654874951976,52.49406175771971,1263
ETH_KRW,45,100,469.53984416783834,28.872943861228496,0.7350450242793626,-78.96615813993975,51.28205128205128,1248
ETH_KRW,45,125,1089.2764956122244,43.47797937348088,0.925821114904812,-71.79427807439518,51.952191235059765,1255
ETH_KRW,45,150,1288.833122185965,46.76008635939037,0.9646162511770876,-74.38701260434854,51.94174757281553,1236
ETH_KRW,45,175,742.1998094486901,36.43735302346498,0.8397496233968832,-78.09612800851741,52.09339774557166,1242
ETH_KRW,45,200,638.7749450705162,33.85554098196193,0.8036904458651111,-77.32074531866924,51.73501577287066,1268
ETH_KRW,50,60,1537.2747625492,50.324269755895635,1.0005252254723023,-65.77401690936424,52.13414634146341,1312
ETH_KRW,50,75,885.205677705952,39.593292839288765,0.8724321813681986,-79.23934203853435,52.156862745098046,1275
ETH_KRW,50,100,507.30657438296384,30.08506891144569,0.7516353368864307,-74.59438813766612,51.39220365950676,1257
ETH_KRW,50,125,986.5082098446945,41.5996886727974,0.9046942492463717,-74.46559871910708,52.118305355715435,1251
ETH_KRW,50,150,1317.2163823644628,47.19364007374247,0.9726533269146714,-74.92016744081062,52.03511572226655,1253
ETH_KRW,50,175,651.2504583827946,34.18277169130357,0.810295535851772,-76.75012766265156,51.84294871794872,1248
ETH_KRW,50,200,727.705064334277,36.092426980649165,0.8317593839052593,-78.03535705664281,51.97160883280757,1268
ADA_KRW,1,5,147.35963095398614,14.117077226236251,0.5201686136450216,-77.59905933394649,34.37118437118437,1638
ADA_KRW,1,10,3408.7890617245444,67.99520342558722,1.0930485677626312,-59.17734420846057,40.52238805970149,1340
ADA_KRW,1,15,9477.13533322245,94.48260507328965,1.306697672895892,-63.63674976183834,44.84159220146223,1231
ADA_KRW,1,20,14777.962078550516,107.38390484351581,1.4053317344314737,-73.26247705379313,45.75986565910999,1191
ADA_KRW,1,25,9901.990800195568,95.71737023530704,1.3245959197803976,-73.63113130865906,45.79358196010407,1153
ADA_KRW,1,30,5834.56787995506,81.37398612583394,1.2132669747716598,-67.79317589123343,45.89160839160839,1144
ADA_KRW,1,40,3186.0148390908935,66.39609524776921,1.0850775421187069,-74.27304514082655,45.84103512014787,1082
ADA_KRW,1,50,6968.004494437727,86.0556997445293,1.265356543463775,-66.03235922267744,47.44455159112825,1037
ADA_KRW,1,60,4051.840247855524,72.16824425344572,1.142296768993546,-70.62635665574057,46.11697027804411,1043
ADA_KRW,1,75,5243.904054240256,78.62254650197384,1.201248813409571,-54.950082192796835,47.368421052631575,1007
ADA_KRW,1,100,4551.90391537707,75.04694732306399,1.1802440504566811,-59.631711709939275,48.38373305526591,959
ADA_KRW,1,125,8006.614430454836,89.81249765250512,1.3150318605661222,-59.98939248030835,49.128540305010894,918
ADA_KRW,1,150,5241.361487473144,78.6101522376515,1.2193241919154774,-57.72479036439619,48.74591057797165,917
ADA_KRW,1,175,5348.708169070572,79.12910460132017,1.2175466418926322,-53.05410122164046,49.23747276688453,918
ADA_KRW,1,200,3882.4893383178137,71.12598396925523,1.1451951568867778,-56.2830715532286,48.824786324786324,936
ADA_KRW,5,10,729.2192250971813,36.12869916937822,0.785195244657166,-77.27322994455969,44.182262001627336,1229
ADA_KRW,5,15,10886.519592791754,98.41500698238141,1.340877887866986,-66.87924338518097,48.010160880609654,1181
ADA_KRW,5,20,11063.62478996091,98.87819512298404,1.350428619115739,-70.06676127645564,48.89867841409692,1135
ADA_KRW,5,25,4609.794417408635,75.36289624910076,1.1649748189456295,-75.51678877699449,47.623400365630715,1094
ADA_KRW,5,30,7341.161071018585,87.45667316658287,1.263126533830353,-67.3636515109478,48.428835489833645,1082
ADA_KRW,5,40,3346.375571327445,67.55614335096796,1.0952630417470848,-73.21265264854664,47.51908396946565,1048
ADA_KRW,5,50,5012.46062553512,77.47311593683645,1.1888461724232442,-70.60975520755956,48.4251968503937,1016
ADA_KRW,5,60,4536.826313425234,74.96410723485425,1.1701454334542376,-63.135051661632524,47.85575048732944,1026
ADA_KRW,5,75,5647.961379191158,80.53103354034121,1.2195235682049101,-53.917309110784,48.91416752843847,967
ADA_KRW,5,100,4684.281017410411,75.7645774443982,1.1859864753778113,-60.053828425043235,49.1578947368421,950
ADA_KRW,5,125,3253.6193853644263,66.89091533277933,1.1073327741777217,-63.924616212364846,49.385474860335194,895
ADA_KRW,5,150,3389.2835659367174,67.85870974141442,1.1154258030512254,-61.80493827160491,49.2239467849224,902
ADA_KRW,5,175,2083.008015109606,56.76369546832998,1.0078965005847094,-63.03887671498812,48.796498905908095,914
ADA_KRW,5,200,1418.3775681943125,48.68086379759964,0.9247709503616762,-71.67462845847751,48.59611231101512,926
ADA_KRW,10,15,1064.6444227726358,43.040799466491684,0.8571421430209124,-80.9207833745051,45.9616985845129,1201
ADA_KRW,10,20,6342.350147889647,83.55821606360566,1.2197054211507925,-77.18342730336303,48.75322441960447,1163
ADA_KRW,10,25,7834.389667276345,89.21911027711018,1.2711189111301775,-72.863918623574,49.11032028469751,1124
ADA_KRW,10,30,6103.84123718673,82.55131038658057,1.2166140343431917,-69.62037549761446,48.666053357865685,1087
ADA_KRW,10,40,5562.763514759101,80.13837488511089,1.2064895720753404,-67.46828124656255,48.97760467380721,1027
ADA_KRW,10,50,9314.389855233421,93.9971931662634,1.3253403509090231,-57.678346457781174,48.963474827245804,1013
ADA_KRW,10,60,3525.1532900820694,68.79627475485499,1.1156482724629992,-68.60453117349519,48.42209072978304,1014
ADA_KRW,10,75,9086.520349428907,93.30535243823716,1.3224274543937353,-51.79422555528216,49.896907216494846,970
ADA_KRW,10,100,3979.5232167118124,71.727700249066,1.1405479944356196,-61.72839506172836,49.78586723768736,934
ADA_KRW,10,125,2420.157321990153,60.081041154120115,1.039483945784109,-71.3339379397299,48.8268156424581,895
ADA_KRW,10,150,1879.6279751136765,54.54421605695971,0.985043755500848,-66.70679267964749,48.37988826815642,895
ADA_KRW,10,175,938.4471559471712,40.6686651403632,0.8425232330882757,-64.77711312635984,48.294829482948295,909
ADA_KRW,10,200,2324.2187727956125,59.177682374926086,1.0247802260233003,-69.85475211355129,49.24731182795699,930
ADA_KRW,15,20,4634.568141692378,75.49709113387789,1.163225002933531,-72.15834423247205,47.848101265822784,1185
ADA_KRW,15,25,5098.296274976508,77.90449546194012,1.1827167354514652,-73.61488796217385,48.125,1120
ADA_KRW,15,30,6305.819879470707,83.40608459953947,1.2273154638363992,-71.39924746308714,49.222323879231475,1093
ADA_KRW,15,40,8734.735199084906,92.20794395586336,1.3136226092402399,-62.32825630164081,50.097465886939574,1026
ADA_KRW,15,50,3246.2076133277824,66.83708416792638,1.1018982395611614,-72.75795568900435,48.96551724137931,1015
ADA_KRW,15,60,2087.6378849082585,56.81212925027068,1.0037667234124141,-73.29664958890937,48.3743842364532,1015
ADA_KRW,15,75,3248.539841951108,66.85403394852698,1.0939927605759971,-66.35911428062334,49.027635619242574,977
ADA_KRW,15,100,1357.7952268560796,47.80077412185535,0.9131120817628489,-75.28848724147504,48.83474576271186,944
ADA_KRW,15,125,2366.465644940056,59.57917495556286,1.0382338145358403,-62.65532002954575,49.211711711711715,888
ADA_KRW,15,150,1006.4073174194261,41.97489760271418,0.8593166762230205,-67.52079871843489,48.06818181818181,880
ADA_KRW,15,175,876.5903787387638,39.41463656672654,0.827833312922844,-71.84781147126048,48.091603053435115,917
ADA_KRW,15,200,1446.2487682105327,49.07571523051446,0.9255335165957214,-72.53082393961354,48.924731182795696,930
ADA_KRW,20,25,3957.735930828139,71.59366799242792,1.125489047587045,-75.34009526103857,47.57281553398058,1133
ADA_KRW,20,30,3759.5997101407747,70.34569504538628,1.1208799334668385,-70.64581230575125,48.81818181818181,1100
ADA_KRW,20,40,4639.364940440997,75.52300520801252,1.180111244595355,-70.27948621481912,48.792270531400966,1035
ADA_KRW,20,50,3974.8547473939234,71.69903205671615,1.1420954928829825,-69.63290724251016,48.71541501976285,1012
ADA_KRW,20,60,1875.5028401264874,54.497218349706266,0.9816167297213614,-74.06397624971017,48.31013916500994,1006
ADA_KRW,20,75,2341.706548995643,59.344596575256304,1.0215977090794415,-61.7392347620076,49.02564102564103,975
ADA_KRW,20,100,1028.5367158059553,42.38544979671586,0.8562167845773879,-72.82916638521537,48.520084566596196,946
ADA_KRW,20,125,1629.3399846553957,51.528155689697044,0.9578090565840397,-69.65199155948409,48.57792946530148,879
ADA_KRW,20,150,970.8017538371795,41.29936666750158,0.8522488101223801,-66.67257130622836,48.419864559819416,886
ADA_KRW,20,175,294.30225156966185,22.145339412141606,0.6259324394443738,-76.9015210547977,47.21311475409836,915
ADA_KRW,20,200,830.0094609296011,38.42469558453501,0.8149631898924923,-71.47666036463653,48.60215053763441,930
ADA_KRW,25,30,2296.443877453724,58.91045535899331,1.0235579489439568,-71.15067146798168,47.98206278026906,1115
ADA_KRW,25,40,3169.160513412703,66.2713796304651,1.0893992463800273,-71.20613983892626,48.03738317757009,1070
ADA_KRW,25,50,878.5738629385731,39.45588721253577,0.8251071833980859,-80.14372690024257,47.48768472906404,1015
ADA_KRW,25,60,2370.985993382427,59.62178538003211,1.0230635430128792,-68.5857405435899,48.81188118811881,1010
ADA_KRW,25,75,1654.4577896558533,51.847088166370646,0.9476547799971236,-73.48641762662989,48.377281947261665,986
ADA_KRW,25,100,1380.7220417616263,48.137446630949896,0.9144006434809862,-68.26645525555514,48.37696335078534,955
ADA_KRW,25,125,1982.4269271964188,55.68921413130348,1.001874179585916,-68.27871244809685,48.63636363636364,880
ADA_KRW,25,150,702.0805894631205,35.469823698137674,0.7860085555766474,-72.7966546756818,48.04469273743017,895
ADA_KRW,25,175,433.5373921052602,27.651738190640796,0.6929600364749381,-77.17142288561533,47.431693989071036,915
ADA_KRW,25,200,722.0935248509793,35.95750464526759,0.7864662200638802,-72.47606730022288,48.136315228966986,939
ADA_KRW,30,40,694.0698010281951,35.2716972830851,0.7787798807122778,-76.44442667776164,47.19626168224299,1070
ADA_KRW,30,50,566.0735175797826,31.848877180091062,0.7399397755306841,-83.12846489864535,47.34299516908212,1035
ADA_KRW,30,60,1753.1929646931183,53.064141153046585,0.9607253592095713,-65.04001375649825,48.17012858555885,1011
ADA_KRW,30,75,1662.8040873656144,51.95220183980693,0.9473808642602635,-69.62398456917006,48.41997961264016,981
ADA_KRW,30,100,1086.7654380126257,43.43376804581318,0.8671736743174584,-74.1316671523862,47.93814432989691,970
ADA_KRW,30,125,1429.8233939230909,48.84375999268109,0.9351218087689376,-70.34957713526336,48.57142857142857,875
ADA_KRW,30,150,643.423681812277,33.97802443939983,0.7680425413674207,-70.40105956833091,47.767857142857146,896
ADA_KRW,30,175,206.40983039012067,17.735385361502985,0.5692998222204657,-80.87738198411408,46.69603524229075,908
ADA_KRW,30,200,509.5280424208031,30.154341999292033,0.7214910246601861,-74.19075377050098,47.83068783068783,945
ADA_KRW,35,40,406.76295060766404,26.69703647317261,0.6810975067723071,-85.5649066626366,46.678966789667896,1084
ADA_KRW,35,50,412.5986185927262,26.908730489244004,0.6829564905639005,-74.04651358026216,46.913580246913575,1053
ADA_KRW,35,60,992.4817177011766,41.712934889348176,0.8449253426508098,-73.07626559359406,48.10379241516966,1002
ADA_KRW,35,75,1089.175816332878,43.47620828315162,0.8618455239091939,-70.80152182992381,47.92719919110212,989
ADA_KRW,35,100,997.995053424296,41.816988721566275,0.849450740279152,-73.81709313492556,47.906026557711954,979
ADA_KRW,35,125,868.3450855368337,39.2423878700485,0.829793077207995,-73.42867662459854,48.26427771556551,893
ADA_KRW,35,150,549.292317320953,31.35923222336212,0.7384610196312326,-74.12002615227593,47.66146993318486,898
ADA_KRW,35,175,336.2545107720722,23.959394147730983,0.6482165961673091,-74.70692734319155,47.276688453159046,918
ADA_KRW,35,200,506.76213659163346,30.06805843136362,0.720411519625097,-75.1490425743097,47.423764458464774,951
ADA_KRW,40,50,545.9986953183242,31.2618635119432,0.7315064670916341,-72.33738594360425,47.08603145235893,1081
ADA_KRW,40,60,651.0274161519059,34.176962219082796,0.7641587790423077,-76.9264981860776,47.02970297029702,1010
ADA_KRW,40,75,600.4726369415398,32.82050293570518,0.7490707081669961,-79.98400083528993,47.54262788365095,997
ADA_KRW,40,100,824.1892919922306,38.298044752776406,0.8101613868099984,-71.89797994826249,48.06122448979592,980
ADA_KRW,40,125,612.2261238249708,33.14315300244432,0.7599186947363731,-72.09842231667717,48.12362030905077,906
ADA_KRW,40,150,381.2529085160258,25.746457031528735,0.6707884927646649,-76.41329954420179,47.1635150166852,899
ADA_KRW,40,175,326.11260172896107,23.534975027775328,0.6430311968899001,-76.26687143475444,47.07792207792208,924
ADA_KRW,40,200,567.1493972146361,31.879908556496982,0.7405180924554705,-77.8032526893014,47.43991640543365,957
ADA_KRW,45,50,850.6549909330961,38.868563345929985,0.8123937091607807,-71.58272065542135,46.74721189591078,1076
ADA_KRW,45,60,354.04436421904126,24.683917526295573,0.6578884106270955,-81.63113211383119,47.28155339805825,1030
ADA_KRW,45,75,913.9040080126382,40.178940364146754,0.8264557233696879,-72.77771103807376,47.74774774774775,999
ADA_KRW,45,100,571.9465507463206,32.01775379787881,0.7416080681530272,-76.08938441251063,47.81281790437436,983
ADA_KRW,45,125,330.01431372267984,23.699265021130735,0.6454466255290259,-78.30902386396693,47.122692725298585,921
ADA_KRW,45,150,371.2796902663916,25.363088267461407,0.6660584381918219,-76.95977307775769,47.34513274336283,904
ADA_KRW,45,175,253.5800033647274,20.219274877314987,0.6015722701996706,-77.16668245444845,47.266881028938904,933
ADA_KRW,45,200,544.9142051874613,31.229710132608822,0.7329014115308919,-77.60183206237035,47.60914760914761,962
ADA_KRW,50,60,511.4233019084483,30.213272498746278,0.7200596114094691,-83.04644468679653,47.4236641221374,1048
ADA_KRW,50,75,857.7819561148002,39.019878273719044,0.8162344522604722,-75.22440273396262,47.795591182364724,998
ADA_KRW,50,100,402.04868746753436,26.524496407705733,0.6795742816763738,-81.65823311872887,47.77327935222672,988
ADA_KRW,50,125,295.72515257885743,22.209510063518966,0.6267285821333931,-79.99937693268345,46.65948275862069,928
ADA_KRW,50,150,356.3906065846197,24.77765452231342,0.6585832799696336,-79.36080514847164,47.13024282560706,906
ADA_KRW,50,175,288.4328221203467,21.8785283326006,0.6227518587823039,-77.25340060736339,47.54797441364605,938
ADA_KRW,50,200,447.3376260444965,28.127930725704232,0.6975262114333566,-81.18194866838317,47.63374485596708,972
XRP_KRW,1,5,-63.38275462073983,-13.62626239268796,0.10671812504758335,-87.3102346250795,32.87925696594427,1615
XRP_KRW,1,10,209.03185237401735,17.881751751908403,0.5589418643347492,-61.6582842756902,39.21113689095127,1293
XRP_KRW,1,15,472.3826768945678,28.966537743044675,0.6931461409433124,-62.49277459793073,41.638513513513516,1184
XRP_KRW,1,20,798.3556423557058,37.727528782808186,0.7919946484793556,-61.59310440018968,44.01785714285714,1120
XRP_KRW,1,25,909.574223237009,40.0914967284137,0.8178226102570465,-56.84198357753567,45.07819687212511,1087
XRP_KRW,1,30,611.3066265254915,33.11807612364566,0.7420911796470289,-54.787155060568516,45.64198687910028,1067
XRP_KRW,1,40,238.16157255253287,19.44026329152486,0.5889018719333107,-72.09879064493057,45.42124542124542,1092
XRP_KRW,1,50,109.31214123359538,11.371614587323808,0.48513324436612015,-71.29985530559078,46.45103324348607,1113
XRP_KRW,1,60,-25.792464086206746,-4.256293999476879,0.26284673999027663,-80.61363225522604,45.356176735798016,1109
XRP_KRW,1,75,-65.62941880111062,-14.420024410719734,0.10995887179806775,-84.57811214932073,45.08566275924256,1109
XRP_KRW,1,100,-65.77668007223072,-14.473585872010775,0.10688094876526077,-80.06465246081235,45.64796905222437,1034
XRP_KRW,1,125,-66.7363981089511,-14.82755534171657,0.09527055482858794,-86.92374107915269,45.48223350253807,985
XRP_KRW,1,150,-72.84030279495539,-17.30837845047374,0.07474864978049472,-83.74981168291225,44.883485309017225,987
XRP_KRW,1,175,-69.4331077530698,-15.87107834969036,0.09063448710641749,-87.45481674555845,45.15789473684211,950
XRP_KRW,1,200,-81.99115156984669,-22.11683194022126,-0.017192072514245517,-92.18250457421213,44.9685534591195,954
XRP_KRW,5,10,299.36351975502964,22.37270297498717,0.6221616507354784,-63.29823985323575,42.212765957446805,1175
XRP_KRW,5,15,134.3562836217321,13.222074880090751,0.5106600353502833,-70.68365626571372,43.46257889990983,1109
XRP_KRW,5,20,285.5809507582305,21.74764341547908,0.610028404597539,-63.486054713941854,45.857418111753375,1038
XRP_KRW,5,25,337.69636056113467,24.019046806299848,0.6380375613580894,-67.6338348532901,46.287367405978785,1037
XRP_KRW,5,30,31.297429510054343,4.050159141604515,0.3683469553693206,-75.20497794827745,45.614035087719294,1026
XRP_KRW,5,40,86.35036232912088,9.500578968976825,0.4616724923781977,-70.03601287853532,46.57276995305165,1065
XRP_KRW,5,50,43.595485325370895,5.4174347800354905,0.40815877935556577,-66.58755068448662,47.24264705882353,1088
XRP_KRW,5,60,-24.638003757591086,-4.04054137046963,0.2668806890256831,-82.45499272170844,46.71600370027752,1081
XRP_KRW,5,75,-50.606229045904485,-9.773349278883703,0.1854746137643642,-82.47906879848446,46.16096207215541,1081
XRP_KRW,5,100,-52.95634000208064,-10.41239731899517,0.1710590909854306,-78.46755625002228,46.33663366336634,1010
XRP_KRW,5,125,-61.61763205638675,-13.031310694145537,0.12354508873294655,-85.32786741627272,46.02040816326531,980
XRP_KRW,5,150,-63.098725094614416,-13.52889629524946,0.1356039752796605,-87.35795730364666,46.46569646569647,962
XRP_KRW,5,175,-78.22943523475503,-19.932576997727793,0.019851791340095296,-91.13665802218152,45.171673819742495,932
XRP_KRW,5,200,-81.72788719330867,-21.951849920120736,-0.015744751256666804,-92.37427322417977,45.3091684434968,938
XRP_KRW,10,15,307.2442272078277,22.721869443955732,0.6201244695519503,-56.01742361712101,44.152311876699905,1103
XRP_KRW,10,20,247.8422089558883,19.932828167540052,0.5846807268110366,-59.78640403493256,46.079380445304935,1033
XRP_KRW,10,25,26.1363362215282,3.4435337947993583,0.35411086842622286,-80.44682602629011,46.34146341463415,1025
XRP_KRW,10,30,158.25315734912095,14.83643680635911,0.5207391964996568,-77.10135809653988,46.81467181467182,1036
XRP_KRW,10,40,52.83240346503211,6.380041621213706,0.4146759818254817,-71.60026997157878,47.332686711930165,1031
XRP_KRW,10,50,-14.58877670388331,-2.2730591096135844,0.28671472225216654,-69.54687456620672,47.486033519553075,1074
XRP_KRW,10,60,-32.93278683179028,-5.658290487604722,0.2444072942422777,-77.21011472288802,47.65478424015009,1066
XRP_KRW,10,75,-69.28931430251251,-15.813488661432796,0.0804803916078694,-82.3978121229482,46.72811059907834,1085
XRP_KRW,10,100,-85.16414850772748,-24.287007425492057,-0.07076340686212526,-86.17071574239395,46.01344860710855,1041
XRP_KRW,10,125,-78.87834835269226,-20.28507105709115,-0.01616916323909054,-83.30685185002287,46.95121951219512,984
XRP_KRW,10,150,-70.64621435160494,-16.36636640809941,0.08277647368160068,-81.64509566765301,46.25779625779626,962
XRP_KRW,10,175,-86.39249608525562,-25.235120293533384,-0.08150693981165227,-90.7771467890505,45.07494646680942,934
XRP_KRW,10,200,-72.04570603527635,-16.959959023306826,0.06977331158161898,-87.18784452543576,45.766345123258304,933
XRP_KRW,15,20,193.8971826232519,17.02181174953976,0.5431605594239186,-60.999976198815,44.77892756349953,1063
XRP_KRW,15,25,71.73861054698357,8.20459785901364,0.4223430920456613,-76.74752256832673,45.90009425070688,1061
XRP_KRW,15,30,84.78531332966664,9.36600541856707,0.4442240414539914,-71.93785440172614,46.051379638439585,1051
XRP_KRW,15,40,58.668814391654564,6.962945204953819,0.4216395773975025,-72.72133277002477,47.41966893865628,1027
XRP_KRW,15,50,-33.3891017791881,-5.752156025136057,0.23056599829552613,-74.84517741687144,47.64595103578154,1062
XRP_KRW,15,60,-49.65545626773354,-9.522172782469774,0.18277344836771825,-72.40198989181744,47.58364312267658,1076
XRP_KRW,15,75,-77.01155578397452,-19.294572145498933,0.021034374262237854,-79.49140350158741,46.72811059907834,1085
XRP_KRW,15,100,-90.97814361809331,-29.583670150134346,-0.1736814470540762,-91.23695803479235,46.132075471698116,1060
XRP_KRW,15,125,-72.07024728962874,-16.970592644241677,0.08812895898337521,-83.58674668191487,47.08835341365462,996
XRP_KRW,15,150,-83.08236909874391,-22.823436459346535,-0.034252519107806786,-86.49368602762524,46.34146341463415,984
XRP_KRW,15,175,-88.79102650346833,-27.319361807937447,-0.11513796339017378,-90.60487433593863,45.43524416135881,942
XRP_KRW,15,200,-84.0029851269035,-23.450526858113484,-0.04723125958893907,-90.35122887323465,45.887445887445885,924
XRP_KRW,20,25,8.16703305009776,1.15126647995476,0.31781181146565873,-79.19401869709345,44.83082706766917,1064
XRP_KRW,20,30,71.13932042256504,8.149460550631261,0.43132916650076897,-79.89665659477588,45.97156398104265,1055
XRP_KRW,20,40,-19.918607225479402,-3.186905684437369,0.27232721478293653,-71.83450384803365,47.3633748801534,1043
XRP_KRW,20,50,-42.66401789156451,-7.790287327041412,0.20287910565882103,-74.96342585775425,47.809878844361606,1073
XRP_KRW,20,60,-74.33573573032997,-17.988417901161114,0.037377190919195745,-78.76937133270201,47.08603145235893,1081
XRP_KRW,20,75,-87.92510092382528,-26.526467784890894,-0.10677230997482003,-89.66070882773487,46.794871794871796,1092
XRP_KRW,20,100,-94.21877735001817,-34.007878023026784,-0.2825146949768168,-94.32807671400506,46.40221402214022,1084
XRP_KRW,20,125,-83.19907442437169,-22.901294273316243,-0.0236323266439613,-86.92258019126997,46.553446553446555,1001
XRP_KRW,20,150,-85.63815412881667,-24.644632732820103,-0.052268398604297384,-87.21459582156268,46.69379450661241,983
XRP_KRW,20,175,-82.0439803534921,-22.150186524971115,-0.010804396786006044,-90.98693171884061,46.219382321618745,939
XRP_KRW,20,200,-77.19242523031666,-19.387469832933647,0.03492388752499961,-87.4488304464625,47.14131607335491,927
XRP_KRW,25,30,210.0053962330539,17.935826905315345,0.55737990936588,-76.66436019811736,46.88950789229341,1077
XRP_KRW,25,40,-44.23125220942612,-8.16215884489212,0.184511937013396,-80.31089878634855,47.05882352941176,1054
XRP_KRW,25,50,-69.67111321846072,-15.96691073326384,0.05415510691108159,-82.19383738949826,47.37827715355805,1068
XRP_KRW,25,60,-87.54523979310986,-26.193890536760822,-0.11937534933828198,-89.05846517783958,46.502835538752365,1058
XRP_KRW,25,75,-91.2197335047972,-29.861808176082818,-0.1751280939775471,-92.01821274745971,46.63636363636364,1100
XRP_KRW,25,100,-93.28222734201265,-32.54725664655934,-0.22394384669555803,-93.35375521428449,46.0573476702509,1116
XRP_KRW,25,125,-84.77185463023442,-23.998339213205345,-0.02702890893460451,-86.6412349795739,46.07843137254902,1020
XRP_KRW,25,150,-88.71001565940911,-27.243006034276984,-0.08803088861692561,-90.27629281946,45.85858585858586,990
XRP_KRW,25,175,-84.42563207162236,-23.748802150150418,-0.028004240814572524,-90.17858268002699,46.46569646569647,962
XRP_KRW,25,200,-86.09871398293218,-25.001905035713325,-0.05857667469924739,-90.24247473542911,46.60925726587728,929
XRP_KRW,30,40,-47.388336610991274,-8.939208232292806,0.1735056209485037,-84.9599323813406,46.546830652790916,1057
XRP_KRW,30,50,-79.88229705808031,-20.849093858129187,-0.016544812540125745,-83.3643716612788,46.39850327408793,1069
XRP_KRW,30,60,-88.58682508824411,-27.12778644424376,-0.13806203727449196,-88.96759674862052,46.567717996289424,1078
XRP_KRW,30,75,-78.44099649419253,-20.04650078734487,0.05671720982691183,-86.9569254140394,46.846846846846844,1110
XRP_KRW,30,100,-94.61269747484234,-34.683439124733475,-0.26849385015608923,-95.05630805507963,45.94112399643176,1121
XRP_KRW,30,125,-88.50778459937756,-27.05441845282307,-0.08542610569452645,-90.12736051180917,45.808966861598435,1026
XRP_KRW,30,150,-89.68017372457399,-28.18996054827131,-0.10953809469267065,-92.1830801877773,46.069651741293534,1005
XRP_KRW,30,175,-88.05716181613548,-26.64418548876729,-0.08394988467709519,-89.26142177006592,46.34146341463415,984
XRP_KRW,30,200,-83.52894239196803,-23.123885265352804,-0.025322168187462007,-89.91474947216024,46.723044397463006,946
XRP_KRW,35,40,-37.085117649199816,-6.533375855969037,0.225354889818771,-78.0712593102462,46.22553588070829,1073
XRP_KRW,35,50,-88.20493331997994,-26.777233016150316,-0.13617986855354877,-89.9973600250686,46.26300851466414,1057
XRP_KRW,35,60,-76.93265960961327,-19.25424514685724,0.055370785112697336,-82.1531028757943,46.36194029850746,1072
XRP_KRW,35,75,-63.85480198193898,-13.789517900038973,0.16364429504548064,-82.65104967446726,47.22222222222222,1116
XRP_KRW,35,100,-92.04222662577145,-30.86050620416532,-0.14712022137357522,-93.00086081385732,46.187943262411345,1128
XRP_KRW,35,125,-93.4533254848257,-32.80052197170195,-0.2101082679502991,-95.55466336677138,46.10951008645533,1041
XRP_KRW,35,150,-91.02188213455943,-29.63354998788217,-0.13570678883977316,-92.59465089116273,45.79256360078278,1022
XRP_KRW,35,175,-90.0552171901979,-28.576522460428812,-0.12354661133245233,-91.69974862876848,46.713147410358566,1004
XRP_KRW,35,200,-83.43280173111908,-23.058620404364728,-0.026668772955815333,-89.32043571108852,46.764091858037574,958
XRP_KRW,40,50,-88.17864563383255,-26.753460914868178,-0.14913175316072405,-88.49969963917714,45.85274930102516,1073
XRP_KRW,40,60,-73.39775482984157,-17.55804804830453,0.08773429902681981,-80.33019476717125,46.52455977757183,1079
XRP_KRW,40,75,-79.30632130423768,-20.522645729187193,0.05225714330390822,-85.27912383605698,46.91136974037601,1117
XRP_KRW,40,100,-90.70665802574062,-29.278605490254417,-0.13411261006069783,-93.82611690136609,46.05263157894737,1140
XRP_KRW,40,125,-88.99515979725592,-27.513876480616272,-0.10171967937038244,-91.81586026480282,46.59735349716446,1058
XRP_KRW,40,150,-88.05349071579604,-26.64089811764444,-0.07810605802512444,-90.32886181241392,46.78194044188281,1041
XRP_KRW,40,175,-89.17110642406918,-27.684021600146526,-0.10149006423854401,-90.98804541812736,46.902654867256636,1017
XRP_KRW,40,200,-85.29064806344864,-24.381482332618454,-0.05268738788946002,-89.68343042429794,46.50924024640657,974
XRP_KRW,45,50,-82.90614374022006,-22.706735952876578,-0.0193084664665024,-83.96811201072687,45.337026777469994,1083
XRP_KRW,45,60,-82.91669021200015,-22.71369109097482,0.0008808537835460684,-84.97627224399221,46.309963099631,1084
XRP_KRW,45,75,-84.36579544439287,-23.706156541999,-0.004315341981991258,-86.15594679283693,46.678635547576306,1114
XRP_KRW,45,100,-95.43431732763071,-36.24053022317124,-0.27575213776105295,-96.29590977227129,45.614035087719294,1140
XRP_KRW,45,125,-92.1807521764118,-31.03731294987795,-0.17456526765895428,-93.65430321383913,46.12476370510397,1058
XRP_KRW,45,150,-83.11877222223671,-22.84767276981573,-0.010853269896400676,-88.9814087626982,46.67931688804554,1054
XRP_KRW,45,175,-92.39162925149391,-31.31167173059809,-0.17234267964403682,-93.6781226449812,46.53658536585366,1025
XRP_KRW,45,200,-82.92388653934796,-22.718438996882373,-0.00265802063019663,-91.74098017929451,46.537678207739305,982
XRP_KRW,50,60,-68.57295985598824,-15.52997296024532,0.12169899573991608,-83.86931420641959,46.88073394495413,1090
XRP_KRW,50,75,-83.44641073481344,-23.06783915658045,0.0034111562340404995,-85.56027328070854,46.084608460846084,1111
XRP_KRW,50,100,-95.54680109353002,-36.4720175887592,-0.2785479703991736,-96.07861363367816,45.8008658008658,1155
XRP_KRW,50,125,-94.02419790365302,-33.688582888776494,-0.22903328450482083,-95.17860193986671,45.90316573556797,1074
XRP_KRW,50,150,-76.91164149616282,-19.24352182217641,0.07871400001078073,-87.70457533017759,46.830652790917696,1057
XRP_KRW,50,175,-88.8258116529275,-27.35229285989933,-0.06965757561767001,-91.47999710086808,46.89320388349515,1030
XRP_KRW,50,200,-77.73163918649608,-19.668203705904318,0.058862105361284126,-92.21735130466226,47.1356783919598,995
